Date,SKU_ID,Transaction_Type,Quantity,Warehouse
2025-04-27,FG023,Production,246,WH2
2025-05-04,SF002,Production,140,WH2
2025-06-28,FG023,Production,245,WH2
2025-02-11,SF002,Consumption,-257,WH2
2025-04-04,RM010,Purchase,126,WH1
2025-05-03,FG015,Dispatch,-218,WH3
2025-01-22,RM002,Consumption,-264,WH1
2025-05-22,FG019,Consumption,-229,WH3
2025-01-19,PK022,Dispatch,-224,WH3
2025-03-29,PK005,Consumption,-22,WH1
2025-04-28,RM025,Consumption,-148,WH1
2025-04-07,SF017,Production,416,WH3
2025-02-13,SF009,Purchase,347,WH2
2025-06-05,RM012,Production,408,WH3
2025-04-10,FG010,Purchase,455,WH1
2025-03-23,SF009,Dispatch,-117,WH2
2025-03-19,RM014,Purchase,211,WH2
2025-06-04,FG013,Purchase,348,WH1
2025-06-08,RM010,Consumption,-94,WH1
2025-02-03,FG017,Dispatch,-195,WH2
2025-01-08,SF015,Production,188,WH2
2025-04-27,RM009,Dispatch,-186,WH1
2025-04-30,SF013,Production,157,WH3
2025-06-17,RM022,Consumption,-123,WH2
2025-02-03,PK007,Dispatch,-275,WH3
2025-06-07,SF014,Dispatch,-209,WH1
2025-02-23,SF019,Dispatch,-47,WH2
2025-05-03,FG015,Production,114,WH2
2025-03-19,RM021,Consumption,-238,WH1
2025-05-07,SF002,Dispatch,-228,WH1
2025-01-12,PK016,Production,124,WH3
2025-05-20,PK008,Consumption,-51,WH3
2025-04-25,PK025,Production,379,WH3
2025-06-04,RM002,Consumption,-50,WH3
2025-03-13,SF014,Consumption,-135,WH3
2025-01-08,SF020,Consumption,-49,WH3
2025-03-23,FG016,Dispatch,-136,WH1
2025-05-30,PK010,Production,186,WH3
2025-05-14,PK020,Purchase,373,WH1
2025-05-22,FG021,Purchase,413,WH2
2025-03-10,PK009,Production,217,WH2
2025-02-02,RM025,Purchase,336,WH2
2025-06-27,RM014,Purchase,252,WH1
2025-03-06,SF004,Consumption,-86,WH3
2025-05-27,RM014,Production,54,WH1
2025-04-15,PK014,Consumption,-280,WH2
2025-02-19,RM014,Purchase,134,WH2
2025-03-04,SF014,Dispatch,-134,WH3
2025-04-11,FG005,Consumption,-153,WH1
2025-05-10,RM001,Purchase,141,WH3
2025-04-12,PK005,Consumption,-229,WH3
2025-01-05,PK003,Purchase,73,WH3
2025-04-09,PK025,Purchase,318,WH3
2025-04-24,RM021,Production,104,WH1
2025-05-07,PK025,Consumption,-275,WH2
2025-03-25,FG006,Consumption,-67,WH2
2025-03-19,RM014,Dispatch,-13,WH3
2025-05-01,RM020,Dispatch,-76,WH1
2025-06-24,FG018,Consumption,-34,WH2
2025-04-04,PK015,Purchase,271,WH3
2025-05-09,PK009,Production,412,WH3
2025-06-26,RM013,Consumption,-200,WH1
2025-02-22,PK002,Consumption,-61,WH3
2025-03-20,RM011,Purchase,181,WH3
2025-01-04,PK020,Production,243,WH3
2025-06-10,SF018,Dispatch,-94,WH1
2025-06-13,FG014,Dispatch,-273,WH3
2025-05-04,RM024,Dispatch,-185,WH3
2025-01-23,RM008,Production,489,WH1
2025-05-19,SF022,Dispatch,-292,WH1
2025-04-29,PK025,Purchase,112,WH1
2025-04-25,FG012,Purchase,57,WH3
2025-06-21,RM007,Consumption,-205,WH3
2025-01-21,FG009,Dispatch,-184,WH3
2025-03-02,RM002,Purchase,53,WH2
2025-03-10,RM005,Dispatch,-159,WH1
2025-01-26,SF008,Consumption,-100,WH3
2025-01-04,PK020,Purchase,85,WH3
2025-04-14,SF024,Consumption,-150,WH2
2025-02-19,PK024,Purchase,152,WH2
2025-06-14,PK006,Consumption,-262,WH1
2025-06-09,PK015,Consumption,-106,WH2
2025-03-12,PK008,Dispatch,-258,WH3
2025-03-26,PK001,Production,205,WH2
2025-01-14,SKU_ID,Purchase,348,WH1
2025-02-06,FG020,Dispatch,-259,WH2
2025-06-01,SF020,Purchase,477,WH1
2025-01-19,RM014,Dispatch,-144,WH3
2025-03-09,PK009,Production,263,WH1
2025-06-18,PK025,Dispatch,-170,WH2
2025-02-23,RM001,Purchase,415,WH3
2025-06-13,FG008,Purchase,289,WH3
2025-02-26,PK019,Dispatch,-266,WH1
2025-02-11,SF025,Purchase,217,WH1
2025-06-06,PK005,Dispatch,-38,WH1
2025-05-24,FG014,Dispatch,-41,WH1
2025-05-26,PK001,Purchase,288,WH1
2025-03-07,FG001,Consumption,-213,WH1
2025-01-03,SF018,Production,384,WH1
2025-01-18,FG013,Purchase,50,WH1
2025-03-28,FG003,Production,432,WH1
2025-05-04,FG005,Dispatch,-257,WH2
2025-04-01,SF015,Production,352,WH1
2025-04-12,FG014,Dispatch,-220,WH3
2025-04-28,FG003,Consumption,-134,WH2
2025-03-02,RM024,Production,138,WH1
2025-01-07,RM002,Consumption,-64,WH2
2025-04-11,FG013,Consumption,-198,WH1
2025-03-30,PK010,Consumption,-275,WH1
2025-04-01,PK001,Production,175,WH3
2025-06-14,RM020,Purchase,430,WH3
2025-06-03,FG013,Dispatch,-80,WH2
2025-05-07,SF013,Consumption,-259,WH1
2025-03-01,SF008,Production,133,WH3
2025-02-12,PK003,Consumption,-168,WH2
2025-05-30,FG022,Dispatch,-144,WH1
2025-02-26,FG009,Production,200,WH2
2025-05-22,PK023,Production,239,WH1
2025-01-10,SF010,Production,109,WH1
2025-01-18,PK020,Consumption,-17,WH2
2025-02-28,RM001,Consumption,-194,WH1
2025-04-15,PK020,Purchase,90,WH2
2025-06-29,RM001,Consumption,-285,WH1
2025-01-30,FG019,Production,55,WH2
2025-05-18,FG010,Consumption,-156,WH3
2025-05-07,PK015,Production,224,WH2
2025-01-12,RM013,Production,417,WH3
2025-02-13,SF006,Consumption,-40,WH1
2025-06-09,FG015,Production,220,WH1
2025-03-14,FG021,Dispatch,-137,WH1
2025-01-24,SF014,Production,186,WH3
2025-02-03,RM022,Dispatch,-268,WH2
2025-01-05,FG002,Purchase,145,WH3
2025-05-30,RM022,Production,246,WH2
2025-06-22,FG007,Production,309,WH3
2025-04-11,SF004,Purchase,280,WH2
2025-04-16,SF012,Consumption,-266,WH1
2025-02-10,SF021,Production,465,WH1
2025-04-26,SF015,Purchase,339,WH2
2025-03-14,SF002,Purchase,322,WH2
2025-03-25,SF008,Dispatch,-131,WH1
2025-05-18,FG022,Dispatch,-60,WH2
2025-01-28,FG015,Purchase,217,WH1
2025-01-21,SF017,Consumption,-36,WH3
2025-03-22,SF004,Dispatch,-294,WH2
2025-01-07,PK016,Consumption,-185,WH1
2025-04-08,PK005,Purchase,104,WH3
2025-03-16,SF017,Dispatch,-11,WH3
2025-05-03,FG016,Consumption,-232,WH3
2025-04-29,FG008,Production,486,WH1
2025-04-24,FG004,Production,405,WH3
2025-02-03,SF005,Consumption,-233,WH1
2025-06-24,FG009,Consumption,-103,WH3
2025-01-21,FG002,Dispatch,-89,WH3
2025-05-19,PK004,Consumption,-18,WH1
2025-01-05,FG017,Dispatch,-127,WH3
2025-01-12,PK007,Purchase,317,WH2
2025-01-28,PK007,Dispatch,-34,WH2
2025-05-20,SF022,Production,313,WH1
2025-03-13,FG004,Consumption,-107,WH2
2025-05-08,PK014,Production,163,WH2
2025-06-09,RM021,Dispatch,-211,WH3
2025-05-30,PK004,Purchase,207,WH1
2025-04-18,SF008,Production,481,WH3
2025-01-18,SF022,Production,260,WH3
2025-03-09,SF024,Purchase,222,WH3
2025-06-17,PK011,Dispatch,-151,WH3
2025-01-29,RM013,Dispatch,-184,WH1
2025-04-25,PK004,Consumption,-292,WH2
2025-02-26,FG006,Consumption,-238,WH2
2025-02-06,SF004,Production,401,WH1
2025-04-16,PK003,Dispatch,-275,WH1
2025-06-29,SF006,Dispatch,-141,WH1
2025-01-26,FG015,Purchase,417,WH1
2025-05-08,FG008,Dispatch,-217,WH3
2025-04-18,RM002,Consumption,-139,WH2
2025-04-08,SF023,Consumption,-232,WH2
2025-03-13,RM003,Production,77,WH2
2025-03-12,PK012,Dispatch,-105,WH2
2025-05-24,PK010,Consumption,-41,WH2
2025-03-19,PK010,Purchase,395,WH2
2025-02-19,SF010,Consumption,-13,WH3
2025-03-08,SF011,Consumption,-196,WH3
2025-02-14,PK005,Production,400,WH1
2025-03-05,SF012,Dispatch,-259,WH1
2025-02-28,RM024,Consumption,-35,WH2
2025-03-20,SF022,Purchase,475,WH3
2025-02-09,SF005,Purchase,337,WH3
2025-03-26,PK001,Dispatch,-153,WH1
2025-02-23,FG009,Consumption,-211,WH1
2025-01-05,PK012,Production,273,WH2
2025-05-27,RM011,Consumption,-28,WH1
2025-01-21,RM015,Production,398,WH3
2025-03-04,SF005,Dispatch,-14,WH3
2025-03-19,RM016,Consumption,-180,WH3
2025-01-28,PK001,Consumption,-28,WH3
2025-02-27,FG023,Consumption,-211,WH2
2025-03-20,RM014,Purchase,436,WH2
2025-06-15,PK009,Dispatch,-101,WH1
2025-06-15,FG022,Purchase,374,WH1
2025-02-13,SF005,Purchase,281,WH3
2025-05-28,RM007,Purchase,395,WH2
2025-03-09,FG004,Purchase,341,WH3
2025-02-25,SF014,Dispatch,-119,WH3
2025-06-21,SF017,Production,128,WH3
2025-02-12,RM020,Dispatch,-186,WH2
2025-06-14,FG003,Consumption,-166,WH3
2025-03-27,SF005,Dispatch,-123,WH3
2025-02-13,RM018,Purchase,417,WH3
2025-01-17,RM010,Purchase,435,WH3
2025-05-01,FG001,Production,415,WH2
2025-02-01,SF009,Consumption,-39,WH2
2025-05-10,FG004,Dispatch,-300,WH2
2025-05-05,RM025,Dispatch,-74,WH1
2025-02-18,RM013,Consumption,-23,WH3
2025-01-29,PK024,Dispatch,-194,WH3
2025-04-18,PK005,Consumption,-73,WH2
2025-01-27,SF005,Consumption,-164,WH2
2025-05-16,SF010,Dispatch,-164,WH1
2025-01-06,RM002,Production,170,WH2
2025-05-08,RM006,Purchase,370,WH1
2025-03-31,FG001,Production,129,WH1
2025-01-16,RM023,Consumption,-155,WH3
2025-02-23,SF015,Dispatch,-115,WH2
2025-05-21,SF016,Dispatch,-14,WH3
2025-02-22,RM005,Purchase,222,WH3
2025-03-02,PK017,Dispatch,-207,WH1
2025-05-02,PK004,Production,278,WH3
2025-01-18,PK010,Consumption,-141,WH3
2025-06-10,RM023,Purchase,301,WH3
2025-02-05,SF013,Production,256,WH2
2025-01-26,PK012,Dispatch,-51,WH3
2025-04-26,SF025,Production,294,WH1
2025-03-11,FG003,Consumption,-244,WH2
2025-02-19,RM008,Dispatch,-259,WH1
2025-05-05,SF006,Purchase,92,WH1
2025-01-06,FG010,Dispatch,-124,WH1
2025-02-02,SF016,Purchase,468,WH3
2025-06-14,PK021,Consumption,-96,WH1
2025-01-30,FG013,Production,182,WH3
2025-03-28,FG017,Production,317,WH1
2025-04-02,FG012,Dispatch,-192,WH3
2025-03-18,SF016,Consumption,-106,WH2
2025-05-17,PK018,Production,154,WH1
2025-03-11,RM010,Dispatch,-44,WH3
2025-03-22,SF009,Purchase,149,WH2
2025-05-12,RM011,Dispatch,-120,WH3
2025-05-13,PK022,Dispatch,-79,WH2
2025-05-26,FG007,Dispatch,-59,WH2
2025-02-04,PK025,Consumption,-60,WH2
2025-02-18,RM005,Consumption,-118,WH3
2025-05-12,PK003,Purchase,119,WH3
2025-06-12,FG005,Production,274,WH1
2025-02-17,RM007,Dispatch,-273,WH3
2025-03-30,PK002,Consumption,-100,WH2
2025-01-04,SF020,Consumption,-193,WH1
2025-05-02,RM008,Production,53,WH2
2025-06-11,FG005,Production,500,WH1
2025-05-03,PK004,Production,145,WH3
2025-03-03,PK018,Dispatch,-88,WH3
2025-06-08,FG019,Consumption,-155,WH1
2025-01-26,FG009,Purchase,325,WH3
2025-06-16,FG015,Dispatch,-11,WH1
2025-04-07,FG002,Purchase,426,WH2
2025-06-22,PK005,Purchase,467,WH1
2025-02-08,RM005,Purchase,79,WH1
2025-01-26,RM025,Purchase,466,WH1
2025-04-09,SF024,Production,274,WH2
2025-01-21,RM008,Dispatch,-273,WH3
2025-05-06,PK006,Consumption,-155,WH2
2025-06-10,SF020,Dispatch,-289,WH3
2025-01-13,SF018,Consumption,-37,WH2
2025-06-03,PK006,Consumption,-293,WH1
2025-04-23,SF013,Dispatch,-107,WH3
2025-06-23,SF023,Purchase,493,WH2
2025-02-12,PK003,Consumption,-31,WH3
2025-01-07,FG020,Production,274,WH3
2025-06-14,SF016,Dispatch,-253,WH1
2025-04-18,SF020,Consumption,-287,WH1
2025-03-03,FG005,Purchase,369,WH2
2025-03-08,SF018,Consumption,-230,WH1
2025-04-04,SF001,Consumption,-173,WH3
2025-05-14,RM010,Dispatch,-26,WH2
2025-03-24,PK020,Production,405,WH1
2025-05-17,PK013,Purchase,270,WH1
2025-06-03,FG011,Consumption,-149,WH1
2025-04-18,PK019,Dispatch,-44,WH2
2025-03-22,RM007,Dispatch,-161,WH2
2025-05-15,SF002,Production,322,WH2
2025-05-26,SF021,Consumption,-133,WH2
2025-03-23,FG004,Purchase,444,WH1
2025-01-11,SF012,Production,179,WH2
2025-04-20,FG022,Dispatch,-212,WH1
2025-06-28,FG012,Production,128,WH1
2025-06-10,FG014,Purchase,456,WH3
2025-03-17,PK022,Consumption,-19,WH1
2025-04-17,RM011,Purchase,221,WH2
2025-04-21,PK003,Production,482,WH3
2025-04-12,FG005,Dispatch,-134,WH3
2025-01-23,SF015,Consumption,-153,WH3
2025-02-13,RM009,Production,54,WH1
2025-03-16,FG023,Purchase,294,WH3
2025-05-27,SF025,Consumption,-224,WH3
2025-04-22,FG002,Dispatch,-124,WH3
2025-03-25,SF005,Consumption,-261,WH2
2025-01-28,SF005,Production,329,WH2
2025-06-15,RM011,Purchase,185,WH2
2025-02-04,PK006,Purchase,283,WH3
2025-06-26,FG015,Consumption,-219,WH1
2025-06-21,SF009,Dispatch,-144,WH1
2025-04-26,FG016,Dispatch,-103,WH3
2025-03-15,RM002,Consumption,-272,WH2
2025-01-02,PK023,Dispatch,-47,WH1
2025-03-12,SF018,Production,174,WH1
2025-01-20,RM007,Purchase,308,WH1
2025-04-20,SF022,Dispatch,-80,WH3
2025-05-13,FG024,Production,379,WH1
2025-02-21,SF006,Production,120,WH1
2025-04-11,RM014,Purchase,264,WH2
2025-03-04,SF007,Purchase,374,WH2
2025-04-12,PK018,Dispatch,-184,WH3
2025-01-07,FG012,Production,105,WH3
2025-01-24,PK006,Consumption,-18,WH3
2025-02-02,RM001,Production,205,WH3
2025-06-12,SF009,Dispatch,-51,WH2
2025-05-02,RM019,Dispatch,-113,WH1
2025-03-22,PK014,Consumption,-240,WH3
2025-02-17,RM003,Production,270,WH3
2025-01-14,PK015,Production,102,WH1
2025-06-25,RM003,Consumption,-229,WH2
2025-01-04,SF007,Consumption,-149,WH2
2025-05-05,RM002,Dispatch,-192,WH1
2025-05-12,FG010,Production,228,WH2
2025-03-26,RM001,Consumption,-168,WH3
2025-03-24,RM007,Consumption,-44,WH1
2025-05-12,FG021,Consumption,-136,WH2
2025-04-15,FG021,Dispatch,-285,WH1
2025-06-09,PK006,Purchase,367,WH2
2025-05-18,FG020,Production,498,WH3
2025-06-30,RM006,Production,78,WH1
2025-02-08,RM005,Purchase,73,WH3
2025-01-31,PK010,Production,110,WH2
2025-04-03,FG004,Purchase,356,WH3
2025-01-30,PK024,Production,190,WH2
2025-03-27,SF011,Production,160,WH2
2025-02-04,RM018,Dispatch,-118,WH1
2025-03-05,PK020,Production,184,WH3
2025-06-10,FG001,Production,452,WH3
2025-05-30,PK018,Consumption,-82,WH2
2025-01-02,PK007,Consumption,-203,WH2
2025-02-12,SKU_ID,Dispatch,-20,WH1
2025-01-12,RM022,Consumption,-43,WH2
2025-06-29,RM003,Dispatch,-267,WH3
2025-01-22,SF003,Purchase,317,WH3
2025-05-03,RM017,Dispatch,-169,WH3
2025-05-03,FG001,Purchase,444,WH2
2025-01-26,RM025,Dispatch,-249,WH1
2025-05-21,FG021,Dispatch,-246,WH3
2025-03-14,FG019,Dispatch,-235,WH2
2025-04-26,FG021,Purchase,199,WH1
2025-03-22,RM019,Purchase,442,WH2
2025-02-23,PK011,Purchase,454,WH3
2025-05-27,SF007,Consumption,-174,WH1
2025-04-02,SF022,Consumption,-209,WH2
2025-03-24,SF020,Purchase,74,WH2
2025-03-21,PK020,Production,55,WH3
2025-04-04,PK002,Production,154,WH2
2025-01-19,PK007,Production,202,WH3
2025-01-22,SF004,Dispatch,-230,WH1
2025-03-08,PK024,Production,247,WH3
2025-06-10,PK003,Dispatch,-76,WH3
2025-04-05,RM013,Dispatch,-136,WH2
2025-03-13,SF013,Consumption,-40,WH3
2025-01-22,SF019,Dispatch,-223,WH2
2025-03-01,SKU_ID,Dispatch,-299,WH1
2025-02-06,SF015,Production,432,WH3
2025-06-27,PK012,Production,117,WH3
2025-05-02,FG008,Purchase,134,WH2
2025-05-12,PK012,Production,467,WH2
2025-02-20,FG005,Consumption,-103,WH2
2025-02-18,SF003,Production,330,WH3
2025-05-29,SF025,Production,489,WH3
2025-06-16,FG023,Consumption,-209,WH3
2025-05-24,FG014,Purchase,217,WH2
2025-01-31,FG018,Purchase,351,WH1
2025-05-06,SF017,Dispatch,-119,WH1
2025-05-25,RM010,Dispatch,-233,WH2
2025-01-21,FG022,Production,304,WH3
2025-01-05,SF025,Dispatch,-119,WH2
2025-06-06,SF011,Dispatch,-196,WH3
2025-04-21,RM024,Purchase,143,WH2
2025-05-17,PK015,Production,381,WH3
2025-06-12,PK009,Dispatch,-214,WH2
2025-01-13,SF024,Dispatch,-68,WH2
2025-03-10,RM015,Production,214,WH2
2025-04-18,PK015,Production,272,WH2
2025-01-29,PK020,Consumption,-209,WH2
2025-02-24,PK005,Production,138,WH1
2025-03-21,RM014,Dispatch,-208,WH1
2025-03-26,FG021,Purchase,194,WH3
2025-06-27,RM021,Production,87,WH1
2025-01-10,SF023,Purchase,158,WH1
2025-06-09,SF016,Consumption,-158,WH3
2025-06-23,SF005,Dispatch,-258,WH3
2025-06-02,FG016,Dispatch,-11,WH1
2025-01-10,SF021,Purchase,283,WH2
2025-06-14,PK015,Production,397,WH1
2025-05-12,SF008,Production,74,WH3
2025-01-26,PK017,Consumption,-253,WH3
2025-04-04,SF011,Production,63,WH2
2025-03-15,RM021,Purchase,76,WH1
2025-01-27,RM002,Dispatch,-18,WH3
2025-05-02,FG006,Production,366,WH2
2025-02-25,RM015,Dispatch,-82,WH3
2025-06-02,RM015,Production,443,WH1
2025-06-01,PK001,Purchase,320,WH2
2025-04-14,FG017,Consumption,-42,WH2
2025-02-10,PK001,Purchase,64,WH1
2025-01-07,SF002,Dispatch,-116,WH1
2025-04-07,SF015,Purchase,385,WH1
2025-01-03,RM022,Dispatch,-95,WH2
2025-02-20,FG021,Dispatch,-101,WH2
2025-03-17,SF022,Consumption,-116,WH2
2025-06-04,PK019,Purchase,467,WH1
2025-01-07,SF008,Production,462,WH1
2025-05-24,PK015,Consumption,-151,WH2
2025-01-17,SF019,Dispatch,-132,WH2
2025-02-28,SF007,Production,500,WH3
2025-05-05,RM020,Dispatch,-119,WH2
2025-02-27,SF009,Consumption,-110,WH3
2025-03-21,FG022,Production,421,WH3
2025-02-26,PK008,Purchase,453,WH1
2025-02-11,PK001,Consumption,-31,WH2
2025-05-18,SF020,Dispatch,-224,WH2
2025-05-13,RM021,Production,429,WH1
2025-06-09,PK017,Dispatch,-209,WH3
2025-06-27,SF014,Purchase,117,WH1
2025-05-20,PK025,Dispatch,-139,WH1
2025-06-11,SF014,Consumption,-92,WH3
2025-04-16,RM005,Dispatch,-76,WH3
2025-06-25,FG017,Dispatch,-126,WH3
2025-06-27,SF015,Dispatch,-263,WH1
2025-03-17,SF013,Purchase,261,WH1
2025-05-08,PK025,Purchase,330,WH2
2025-05-04,SF019,Consumption,-66,WH3
2025-02-07,SF008,Consumption,-188,WH2
2025-03-04,FG001,Consumption,-283,WH1
2025-01-19,FG010,Consumption,-184,WH1
2025-01-30,RM007,Dispatch,-245,WH3
2025-05-25,PK023,Consumption,-82,WH1
2025-04-14,PK010,Consumption,-134,WH3
2025-06-07,PK015,Purchase,352,WH2
2025-04-24,PK007,Consumption,-147,WH1
2025-03-15,RM012,Consumption,-234,WH3
2025-05-07,RM016,Dispatch,-257,WH2
2025-06-04,RM023,Dispatch,-194,WH1
2025-06-08,PK007,Production,207,WH2
2025-02-21,FG004,Consumption,-128,WH1
2025-03-24,PK022,Consumption,-254,WH2
2025-06-12,SKU_ID,Dispatch,-25,WH2
2025-01-09,FG012,Consumption,-220,WH1
2025-01-21,SF011,Production,111,WH2
2025-04-25,FG015,Production,221,WH2
2025-02-26,FG019,Consumption,-84,WH1
2025-05-04,SF023,Purchase,437,WH1
2025-05-28,PK018,Dispatch,-179,WH1
2025-06-03,SF022,Dispatch,-202,WH2
2025-02-13,SF003,Production,313,WH3
2025-04-24,SF009,Production,270,WH1
2025-06-04,RM020,Purchase,403,WH1
2025-03-07,SF019,Production,194,WH1
2025-02-06,PK001,Dispatch,-198,WH1
2025-01-01,PK015,Consumption,-205,WH2
2025-05-20,RM003,Production,70,WH1
2025-06-27,RM003,Consumption,-248,WH3
2025-01-17,PK014,Purchase,180,WH2
2025-01-12,FG010,Dispatch,-208,WH3
2025-03-17,PK021,Dispatch,-288,WH1
2025-02-04,PK008,Purchase,240,WH2
2025-02-16,PK018,Consumption,-56,WH2
2025-04-21,FG021,Consumption,-132,WH3
2025-01-13,RM025,Dispatch,-19,WH3
2025-02-10,FG010,Purchase,263,WH2
2025-06-21,FG016,Purchase,468,WH2
2025-06-30,FG021,Purchase,96,WH2
2025-01-09,RM014,Purchase,422,WH3
2025-05-15,FG003,Purchase,296,WH2
2025-01-27,SF015,Production,127,WH2
2025-03-28,SF019,Dispatch,-138,WH1
2025-03-02,PK012,Consumption,-298,WH3
2025-01-16,SF016,Dispatch,-259,WH1
2025-05-14,RM005,Consumption,-46,WH3
2025-03-07,RM025,Consumption,-139,WH3
2025-01-30,PK014,Production,475,WH2
2025-03-29,RM002,Purchase,106,WH2
2025-03-17,PK001,Dispatch,-13,WH2
2025-06-06,SF004,Consumption,-155,WH2
2025-05-24,FG019,Purchase,428,WH1
2025-05-29,PK006,Purchase,239,WH3
2025-01-03,SF004,Production,251,WH3
2025-04-08,PK023,Consumption,-85,WH3
2025-05-12,SF016,Production,138,WH2
2025-02-17,RM012,Production,437,WH3
2025-02-04,SF022,Production,245,WH1
2025-06-14,SF018,Purchase,400,WH1
2025-01-21,SF014,Consumption,-201,WH1
2025-06-05,FG004,Production,240,WH2
2025-01-31,PK014,Dispatch,-74,WH1
2025-01-31,FG019,Dispatch,-292,WH3
2025-02-23,SF022,Purchase,337,WH3
2025-03-05,SF023,Production,337,WH3
2025-02-06,SF008,Production,87,WH2
2025-03-18,SF008,Dispatch,-111,WH1
2025-01-10,FG019,Consumption,-43,WH3
2025-02-13,PK005,Purchase,479,WH2
2025-03-22,FG008,Purchase,264,WH2
2025-02-20,SF019,Dispatch,-104,WH2
2025-04-16,PK024,Production,413,WH2
2025-05-12,FG011,Consumption,-183,WH3
2025-02-06,PK018,Dispatch,-199,WH2
2025-01-30,FG003,Consumption,-193,WH2
2025-03-25,SF011,Dispatch,-44,WH3
2025-04-17,FG005,Purchase,287,WH1
2025-04-18,FG013,Production,384,WH3
2025-02-02,PK021,Purchase,488,WH1
2025-01-23,PK016,Purchase,493,WH1
2025-01-23,PK019,Consumption,-12,WH1
2025-05-11,RM025,Dispatch,-272,WH1
2025-01-28,PK024,Production,194,WH2
2025-05-20,FG008,Consumption,-235,WH1
2025-06-01,RM024,Production,81,WH3
2025-01-24,FG014,Consumption,-259,WH2
2025-01-06,PK025,Dispatch,-174,WH1
2025-04-19,SF017,Dispatch,-132,WH2
2025-06-01,PK020,Dispatch,-145,WH1
2025-02-27,PK016,Production,142,WH1
2025-03-23,FG015,Dispatch,-124,WH1
2025-03-29,SF025,Consumption,-118,WH3
2025-03-03,FG015,Consumption,-88,WH2
2025-06-20,SF015,Dispatch,-168,WH3
2025-04-17,SF002,Dispatch,-19,WH3
2025-01-11,FG020,Dispatch,-290,WH1
2025-02-24,SF021,Dispatch,-247,WH2
2025-04-04,SF021,Purchase,264,WH3
2025-02-27,SF009,Purchase,484,WH3
2025-03-12,SF006,Production,468,WH1
2025-04-18,PK006,Consumption,-230,WH2
2025-01-24,RM010,Production,58,WH3
2025-04-27,FG009,Consumption,-281,WH3
2025-04-06,RM015,Consumption,-159,WH3
2025-06-12,RM006,Consumption,-28,WH2
2025-06-08,FG007,Purchase,437,WH2
2025-06-03,PK018,Purchase,52,WH3
2025-06-27,PK017,Production,410,WH2
2025-05-26,RM002,Consumption,-60,WH3
2025-03-29,FG015,Consumption,-218,WH1
2025-06-04,RM005,Purchase,132,WH2
2025-03-29,SF022,Production,317,WH2
2025-02-26,RM021,Consumption,-223,WH3
2025-04-09,PK005,Dispatch,-24,WH3
2025-01-27,PK019,Production,446,WH3
2025-03-22,RM023,Purchase,456,WH3
2025-06-22,FG024,Consumption,-174,WH2
2025-03-11,PK005,Dispatch,-231,WH2
2025-05-29,SF011,Dispatch,-160,WH2
2025-02-24,SF003,Dispatch,-57,WH3
2025-02-24,RM002,Production,149,WH3
2025-01-13,RM001,Production,204,WH1
2025-02-25,RM008,Production,221,WH2
2025-01-29,SF012,Consumption,-273,WH2
2025-04-13,PK010,Dispatch,-91,WH3
2025-01-21,RM009,Dispatch,-62,WH1
2025-02-02,SF021,Consumption,-138,WH2
2025-01-02,SF021,Consumption,-71,WH3
2025-04-18,RM013,Purchase,250,WH2
2025-04-27,SF006,Purchase,100,WH2
2025-05-09,PK001,Production,338,WH3
2025-01-15,RM019,Purchase,314,WH2
2025-06-02,PK001,Production,250,WH2
2025-06-24,RM005,Dispatch,-159,WH2
2025-03-16,SF022,Purchase,219,WH2
2025-06-24,RM008,Purchase,437,WH1
2025-06-09,PK001,Purchase,399,WH3
2025-06-14,RM022,Dispatch,-79,WH3
2025-06-01,PK012,Production,465,WH1
2025-02-19,FG001,Consumption,-138,WH2
2025-04-25,RM018,Dispatch,-181,WH3
2025-02-26,PK015,Purchase,366,WH1
2025-03-11,PK003,Purchase,444,WH2
2025-02-12,FG004,Production,292,WH3
2025-02-05,FG001,Consumption,-99,WH1
2025-05-12,RM016,Dispatch,-94,WH1
2025-04-27,PK006,Consumption,-272,WH2
2025-06-10,SF019,Consumption,-178,WH1
2025-04-15,SF021,Dispatch,-150,WH1
2025-05-08,FG015,Dispatch,-67,WH1
2025-03-21,PK011,Purchase,207,WH3
2025-01-10,SF005,Purchase,148,WH2
2025-02-21,SF013,Dispatch,-266,WH3
2025-03-24,RM015,Consumption,-162,WH3
2025-06-29,SF019,Consumption,-243,WH1
2025-02-23,SF023,Dispatch,-205,WH3
2025-05-31,PK004,Production,498,WH2
2025-03-28,PK014,Purchase,448,WH1
2025-06-21,PK025,Consumption,-111,WH2
2025-05-10,PK013,Dispatch,-50,WH3
2025-01-01,SF007,Dispatch,-273,WH1
2025-03-20,FG018,Consumption,-134,WH3
2025-03-26,RM001,Consumption,-164,WH2
2025-03-19,PK017,Dispatch,-102,WH2
2025-01-26,FG007,Production,86,WH1
2025-06-28,RM011,Dispatch,-163,WH1
2025-06-23,PK015,Dispatch,-41,WH3
2025-06-10,PK009,Consumption,-182,WH2
2025-06-16,SF019,Production,86,WH3
2025-03-01,FG007,Purchase,182,WH2
2025-03-14,RM013,Dispatch,-136,WH2
2025-04-27,PK003,Production,243,WH3
2025-02-16,SF002,Purchase,363,WH2
2025-02-18,RM012,Consumption,-151,WH1
2025-02-25,PK011,Dispatch,-267,WH2
2025-03-02,RM025,Consumption,-79,WH1
2025-01-04,FG006,Dispatch,-140,WH3
2025-04-18,SF011,Production,406,WH2
2025-05-10,RM015,Purchase,94,WH2
2025-05-31,SF004,Purchase,88,WH1
2025-06-17,PK013,Purchase,338,WH2
2025-04-19,FG008,Consumption,-62,WH3
2025-04-30,SF006,Dispatch,-138,WH1
2025-01-02,SF006,Purchase,139,WH1
2025-04-19,RM023,Purchase,68,WH2
2025-05-13,SF024,Consumption,-67,WH3
2025-01-16,PK021,Purchase,170,WH3
2025-05-23,FG011,Consumption,-129,WH2
2025-01-01,FG008,Production,137,WH1
2025-06-07,PK002,Consumption,-202,WH3
2025-05-18,SF020,Consumption,-239,WH1
2025-03-06,PK002,Production,180,WH1
2025-02-04,SF025,Consumption,-278,WH2
2025-03-09,FG023,Dispatch,-262,WH1
2025-01-10,RM009,Dispatch,-123,WH1
2025-01-29,FG019,Consumption,-219,WH2
2025-01-11,RM011,Dispatch,-143,WH3
2025-05-14,PK005,Production,151,WH2
2025-02-12,RM009,Dispatch,-11,WH3
2025-04-13,SF004,Dispatch,-130,WH2
2025-04-27,RM001,Dispatch,-267,WH2
2025-02-13,SF021,Dispatch,-164,WH1
2025-05-17,SF015,Purchase,498,WH3
2025-03-10,SF011,Purchase,280,WH2
2025-05-27,SF024,Production,427,WH2
2025-01-15,PK022,Purchase,298,WH2
2025-04-20,RM017,Production,449,WH1
2025-05-15,PK010,Purchase,134,WH1
2025-04-18,SF010,Production,332,WH2
2025-02-27,SF024,Production,373,WH3
2025-02-05,PK007,Dispatch,-18,WH3
2025-02-22,FG011,Consumption,-162,WH1
2025-03-12,FG009,Purchase,370,WH3
2025-06-30,RM010,Dispatch,-10,WH1
2025-04-01,SF018,Consumption,-136,WH1
2025-03-24,FG010,Consumption,-136,WH1
2025-01-17,FG001,Dispatch,-214,WH3
2025-05-09,PK025,Purchase,101,WH1
2025-01-31,FG013,Dispatch,-167,WH2
2025-01-13,PK007,Production,78,WH3
2025-01-04,PK011,Purchase,203,WH3
2025-05-29,RM023,Dispatch,-211,WH1
2025-03-22,RM009,Consumption,-192,WH2
2025-04-06,RM018,Purchase,125,WH1
2025-03-25,FG022,Consumption,-154,WH3
2025-05-02,SF020,Purchase,150,WH1
2025-02-01,PK016,Consumption,-134,WH2
2025-06-22,RM012,Purchase,428,WH2
2025-06-05,RM025,Production,392,WH1
2025-04-13,PK025,Dispatch,-249,WH2
2025-04-06,FG003,Purchase,146,WH3
2025-01-28,RM021,Production,216,WH2
2025-05-27,RM012,Consumption,-195,WH2
2025-04-26,PK013,Consumption,-220,WH2
2025-04-20,PK014,Dispatch,-68,WH2
2025-06-16,FG018,Consumption,-178,WH3
2025-05-14,FG022,Purchase,138,WH3
2025-03-01,SF022,Consumption,-238,WH3
2025-04-14,PK019,Dispatch,-101,WH2
2025-02-16,RM025,Dispatch,-212,WH2
2025-06-24,RM016,Dispatch,-67,WH2
2025-05-26,FG015,Dispatch,-211,WH3
2025-02-09,FG001,Purchase,211,WH2
2025-01-18,SF016,Consumption,-239,WH3
2025-06-03,PK023,Production,222,WH2
2025-06-03,RM008,Consumption,-212,WH1
2025-06-17,FG023,Purchase,264,WH2
2025-05-31,RM015,Dispatch,-137,WH1
2025-05-15,FG004,Purchase,425,WH1
2025-02-15,RM003,Purchase,154,WH1
2025-02-24,FG003,Dispatch,-110,WH1
2025-03-23,PK003,Purchase,451,WH2
2025-02-05,RM024,Purchase,370,WH3
2025-05-14,FG010,Production,285,WH1
2025-02-03,PK023,Purchase,202,WH2
2025-04-05,FG017,Dispatch,-138,WH3
2025-03-04,RM023,Purchase,312,WH1
2025-03-28,SF016,Consumption,-22,WH3
2025-03-05,FG012,Production,165,WH3
2025-06-09,RM009,Production,52,WH3
2025-06-29,FG019,Purchase,389,WH3
2025-01-03,SF017,Purchase,176,WH2
2025-04-27,PK024,Consumption,-187,WH3
2025-06-06,SF005,Dispatch,-43,WH2
2025-02-25,FG024,Purchase,359,WH1
2025-04-06,FG020,Dispatch,-104,WH2
2025-01-04,PK009,Dispatch,-210,WH1
2025-05-08,SF011,Purchase,459,WH2
2025-05-13,FG006,Purchase,267,WH1
2025-04-04,RM003,Production,485,WH3
2025-02-07,FG002,Consumption,-73,WH3
2025-01-12,PK021,Consumption,-82,WH1
2025-04-10,FG020,Production,187,WH1
2025-05-27,RM021,Production,67,WH2
2025-03-07,SF020,Production,408,WH3
2025-01-12,PK019,Consumption,-196,WH3
2025-02-16,RM004,Production,220,WH2
2025-02-06,SF021,Dispatch,-226,WH1
2025-01-21,SF019,Purchase,499,WH2
2025-04-12,RM003,Production,111,WH2
2025-06-18,RM019,Dispatch,-123,WH1
2025-06-24,FG024,Consumption,-238,WH1
2025-03-28,PK007,Dispatch,-29,WH2
2025-06-06,FG020,Production,176,WH1
2025-05-19,RM006,Purchase,498,WH3
2025-03-09,PK001,Consumption,-93,WH2
2025-04-11,RM014,Dispatch,-275,WH2
2025-04-02,SF011,Production,178,WH2
2025-03-10,SF005,Production,140,WH2
2025-06-03,RM005,Dispatch,-75,WH2
2025-05-22,PK002,Dispatch,-165,WH2
2025-03-26,SF012,Dispatch,-55,WH2
2025-04-14,PK025,Consumption,-164,WH2
2025-03-27,SF010,Purchase,496,WH3
2025-05-26,SF008,Purchase,123,WH3
2025-03-27,RM009,Dispatch,-14,WH3
2025-03-04,SF015,Consumption,-188,WH1
2025-04-26,PK008,Consumption,-285,WH2
2025-06-25,SF016,Consumption,-23,WH3
2025-06-30,RM009,Dispatch,-139,WH2
2025-04-17,FG016,Production,418,WH2
2025-05-26,FG006,Production,449,WH2
2025-04-26,FG024,Dispatch,-177,WH2
2025-06-18,RM023,Dispatch,-280,WH1
2025-02-26,FG002,Production,279,WH1
2025-03-17,FG018,Dispatch,-180,WH2
2025-01-10,FG020,Dispatch,-256,WH3
2025-01-07,FG007,Purchase,461,WH1
2025-02-25,RM024,Purchase,188,WH2
2025-01-22,FG014,Dispatch,-218,WH3
2025-06-21,PK008,Dispatch,-129,WH2
2025-05-19,SF024,Consumption,-95,WH3
2025-02-21,RM006,Purchase,273,WH1
2025-01-19,FG015,Purchase,268,WH1
2025-01-17,SF016,Dispatch,-276,WH1
2025-04-14,SF015,Purchase,194,WH3
2025-05-16,SF008,Consumption,-113,WH1
2025-06-03,FG019,Dispatch,-180,WH3
2025-04-21,FG014,Purchase,253,WH3
2025-06-25,FG008,Dispatch,-274,WH3
2025-04-07,SF024,Consumption,-249,WH1
2025-05-19,FG022,Dispatch,-41,WH3
2025-03-09,FG024,Production,145,WH1
2025-02-17,RM009,Purchase,58,WH1
2025-04-10,FG018,Dispatch,-21,WH1
2025-05-24,PK023,Dispatch,-217,WH2
2025-05-11,FG006,Purchase,61,WH1
2025-02-13,FG017,Purchase,378,WH2
2025-04-12,FG009,Production,203,WH1
2025-05-23,RM017,Dispatch,-137,WH2
2025-01-20,PK010,Dispatch,-129,WH2
2025-06-12,RM022,Consumption,-193,WH3
2025-03-15,PK019,Consumption,-53,WH3
2025-01-15,RM008,Production,480,WH3
2025-01-08,PK011,Dispatch,-166,WH2
2025-02-20,SF017,Production,95,WH2
2025-01-28,RM017,Consumption,-90,WH3
2025-06-27,SF018,Consumption,-51,WH2
2025-01-07,PK007,Dispatch,-48,WH1
2025-04-29,RM008,Purchase,65,WH2
2025-01-29,FG003,Dispatch,-283,WH3
2025-03-10,PK013,Production,448,WH1
2025-02-26,RM025,Dispatch,-98,WH3
2025-02-08,SF020,Dispatch,-260,WH3
2025-01-21,PK021,Dispatch,-57,WH3
2025-02-05,SF013,Production,332,WH3
2025-01-01,RM003,Production,330,WH1
2025-02-10,SF001,Dispatch,-290,WH2
2025-05-22,FG005,Consumption,-147,WH3
2025-05-14,FG016,Consumption,-43,WH2
2025-05-03,PK024,Consumption,-180,WH1
2025-05-07,RM010,Consumption,-180,WH1
2025-03-15,SKU_ID,Production,144,WH2
2025-01-26,PK004,Consumption,-193,WH3
2025-01-24,FG007,Dispatch,-264,WH2
2025-03-30,PK010,Consumption,-199,WH1
2025-01-11,RM019,Consumption,-58,WH1
2025-05-24,SF016,Dispatch,-96,WH3
2025-01-20,RM012,Purchase,394,WH1
2025-06-14,PK013,Dispatch,-239,WH3
2025-04-04,SF019,Purchase,300,WH3
2025-05-05,RM021,Purchase,131,WH2
2025-03-25,PK021,Consumption,-153,WH1
2025-03-02,RM001,Dispatch,-135,WH3
2025-06-11,RM004,Dispatch,-193,WH2
2025-03-23,RM001,Production,237,WH3
2025-05-02,FG014,Purchase,148,WH1
2025-01-26,RM004,Production,486,WH2
2025-06-29,PK002,Production,76,WH1
2025-03-16,RM017,Consumption,-75,WH3
2025-03-24,SF001,Production,333,WH1
2025-04-26,SF019,Consumption,-97,WH2
2025-04-11,PK008,Dispatch,-89,WH1
2025-06-13,PK003,Production,311,WH3
2025-06-10,RM010,Production,205,WH1
2025-04-16,FG007,Purchase,84,WH1
2025-02-26,PK016,Consumption,-171,WH2
2025-04-03,RM009,Dispatch,-92,WH1
2025-06-12,SF018,Consumption,-236,WH2
2025-04-10,SF006,Production,68,WH2
2025-05-27,RM006,Consumption,-242,WH2
2025-06-26,RM022,Consumption,-233,WH3
2025-01-22,FG002,Dispatch,-13,WH1
2025-05-30,SF010,Dispatch,-249,WH2
2025-02-26,FG022,Purchase,259,WH1
2025-05-15,SF006,Consumption,-78,WH2
2025-03-17,PK004,Production,68,WH2
2025-04-28,SF007,Dispatch,-17,WH1
2025-02-16,SF016,Consumption,-72,WH1
2025-03-20,PK019,Production,89,WH1
2025-04-25,FG005,Purchase,380,WH3
2025-06-12,SF008,Production,486,WH3
2025-02-07,RM003,Purchase,75,WH1
2025-02-17,SF002,Consumption,-220,WH1
2025-04-08,RM014,Consumption,-277,WH2
2025-06-14,SF005,Production,138,WH1
2025-06-28,RM009,Consumption,-202,WH3
2025-04-03,PK003,Dispatch,-157,WH1
2025-03-20,FG023,Production,311,WH1
2025-05-15,FG012,Consumption,-169,WH2
2025-03-25,RM024,Production,383,WH3
2025-05-15,RM012,Dispatch,-255,WH3
2025-04-13,PK007,Dispatch,-153,WH3
2025-05-04,RM019,Production,431,WH3
2025-04-09,SF024,Consumption,-17,WH2
2025-01-31,SF024,Production,419,WH3
2025-01-16,FG024,Consumption,-204,WH1
2025-06-06,RM009,Consumption,-165,WH2
2025-05-19,FG007,Consumption,-239,WH3
2025-02-15,RM016,Purchase,114,WH3
2025-03-09,SF002,Consumption,-41,WH3
2025-05-28,FG024,Dispatch,-210,WH3
2025-02-19,RM003,Consumption,-294,WH1
2025-06-15,SF019,Production,202,WH3
2025-01-27,RM021,Dispatch,-16,WH3
2025-03-05,SF016,Purchase,138,WH1
2025-03-30,SF013,Purchase,101,WH1
2025-03-05,PK019,Purchase,226,WH3
2025-04-16,RM013,Consumption,-138,WH2
2025-01-16,SF020,Dispatch,-34,WH3
2025-03-25,PK020,Purchase,65,WH2
2025-04-24,PK015,Dispatch,-298,WH2
2025-05-07,SF011,Dispatch,-177,WH3
2025-05-20,RM025,Consumption,-90,WH3
2025-02-21,RM018,Production,130,WH2
2025-05-11,PK024,Consumption,-148,WH2
2025-01-12,PK001,Production,61,WH3
2025-02-16,PK025,Production,441,WH2
2025-05-13,PK004,Dispatch,-175,WH2
2025-03-06,RM020,Production,98,WH3
2025-05-15,SF002,Dispatch,-196,WH2
2025-06-02,SF009,Consumption,-169,WH2
2025-06-14,SF010,Purchase,391,WH3
2025-04-12,SF005,Purchase,94,WH2
2025-03-11,SKU_ID,Dispatch,-25,WH2
2025-04-25,SF001,Dispatch,-213,WH2
2025-03-09,FG003,Consumption,-295,WH1
2025-04-28,FG019,Production,321,WH2
2025-03-17,PK017,Production,280,WH2
2025-02-25,SF016,Production,238,WH2
2025-04-04,PK016,Purchase,142,WH1
2025-03-11,RM008,Purchase,84,WH2
2025-01-19,FG007,Purchase,427,WH3
2025-06-18,PK011,Consumption,-98,WH2
2025-05-20,SF007,Purchase,468,WH3
2025-04-06,RM015,Consumption,-25,WH2
2025-04-15,RM025,Purchase,250,WH2
2025-01-23,SF020,Consumption,-128,WH1
2025-02-24,PK001,Production,310,WH2
2025-06-14,RM023,Dispatch,-281,WH3
2025-01-28,PK012,Consumption,-38,WH1
2025-01-18,PK024,Dispatch,-29,WH2
2025-01-22,RM020,Production,154,WH3
2025-04-12,PK004,Dispatch,-191,WH3
2025-05-14,PK014,Production,244,WH2
2025-04-30,PK015,Purchase,393,WH3
2025-06-02,RM011,Purchase,162,WH1
2025-02-21,SF019,Purchase,386,WH1
2025-02-25,SF018,Consumption,-158,WH2
2025-06-24,RM012,Consumption,-28,WH1
2025-03-12,SF013,Dispatch,-34,WH1
2025-03-07,PK021,Dispatch,-42,WH2
2025-03-20,PK008,Consumption,-38,WH2
2025-05-01,RM004,Production,54,WH2
2025-05-17,RM006,Purchase,232,WH3
2025-06-14,RM021,Consumption,-103,WH1
2025-03-21,RM002,Consumption,-228,WH1
2025-03-30,RM003,Purchase,422,WH1
2025-01-12,FG020,Production,229,WH3
2025-06-24,SF008,Consumption,-28,WH1
2025-06-23,SF001,Production,283,WH3
2025-04-13,PK008,Production,407,WH2
2025-02-06,FG007,Consumption,-147,WH3
2025-04-20,PK022,Consumption,-204,WH1
2025-02-13,SF002,Production,393,WH1
2025-03-06,PK010,Purchase,136,WH3
2025-01-09,RM017,Production,381,WH3
2025-06-11,FG002,Consumption,-292,WH2
2025-02-24,PK009,Production,266,WH1
2025-04-18,SF015,Purchase,176,WH2
2025-06-16,PK020,Consumption,-89,WH1
2025-04-28,PK010,Consumption,-138,WH3
2025-02-20,FG006,Dispatch,-109,WH2
2025-04-12,FG014,Dispatch,-89,WH2
2025-06-27,FG005,Dispatch,-222,WH1
2025-06-29,FG018,Consumption,-281,WH2
2025-04-17,PK001,Consumption,-215,WH1
2025-06-04,PK018,Dispatch,-60,WH2
2025-01-19,SF021,Purchase,159,WH3
2025-03-31,PK013,Dispatch,-32,WH2
2025-05-25,SF020,Purchase,493,WH2
2025-05-12,SF015,Production,293,WH1
2025-01-12,RM024,Dispatch,-100,WH2
2025-01-17,SF016,Purchase,292,WH3
2025-03-04,RM018,Consumption,-190,WH3
2025-01-24,FG019,Purchase,155,WH2
2025-02-19,FG016,Purchase,210,WH3
2025-02-20,RM025,Purchase,144,WH3
2025-02-25,FG012,Consumption,-78,WH2
2025-03-07,PK014,Dispatch,-284,WH3
2025-06-02,FG004,Consumption,-231,WH1
2025-01-01,FG006,Production,434,WH1
2025-03-09,FG018,Purchase,201,WH1
2025-03-03,SF007,Consumption,-89,WH3
2025-01-05,RM015,Production,132,WH1
2025-06-02,PK003,Dispatch,-86,WH3
2025-04-08,PK013,Consumption,-266,WH1
2025-05-04,SF003,Purchase,134,WH1
2025-06-10,FG015,Dispatch,-150,WH1
2025-06-07,RM013,Purchase,100,WH3
2025-05-03,PK024,Consumption,-231,WH2
2025-04-06,RM001,Production,253,WH1
2025-01-05,RM019,Production,496,WH1
2025-06-29,SF004,Production,419,WH1
2025-02-09,FG001,Consumption,-284,WH3
2025-06-13,RM015,Dispatch,-231,WH2
2025-02-04,FG005,Dispatch,-76,WH3
2025-01-09,FG013,Consumption,-159,WH2
2025-05-21,PK019,Purchase,268,WH1
2025-04-17,PK003,Production,355,WH1
2025-03-02,SF002,Purchase,489,WH1
2025-01-31,FG019,Consumption,-11,WH1
2025-01-30,RM025,Consumption,-150,WH1
2025-01-16,RM016,Dispatch,-96,WH1
2025-05-15,PK019,Purchase,278,WH2
2025-02-06,RM004,Production,137,WH2
2025-04-14,FG017,Dispatch,-206,WH3
2025-01-15,PK007,Consumption,-11,WH2
2025-01-21,RM002,Production,232,WH2
2025-02-22,FG003,Production,274,WH3
2025-06-23,FG021,Production,112,WH2
2025-03-08,RM004,Purchase,142,WH3
2025-04-09,PK003,Production,202,WH1
2025-03-29,RM021,Dispatch,-102,WH3
2025-05-06,RM006,Dispatch,-26,WH3
2025-02-07,SF017,Dispatch,-179,WH3
2025-02-15,SF010,Dispatch,-141,WH1
2025-01-25,RM013,Dispatch,-159,WH2
2025-02-24,PK018,Purchase,453,WH2
2025-05-21,PK016,Purchase,222,WH3
2025-06-09,PK002,Production,324,WH1
2025-03-16,RM023,Dispatch,-26,WH3
2025-04-22,PK014,Purchase,473,WH1
2025-04-28,FG011,Consumption,-103,WH3
2025-03-12,FG006,Dispatch,-291,WH1
2025-06-07,PK011,Consumption,-133,WH1
2025-02-19,RM007,Purchase,225,WH2
2025-01-05,PK013,Dispatch,-202,WH1
2025-01-03,SF012,Consumption,-153,WH1
2025-04-27,PK014,Production,481,WH3
2025-05-28,FG022,Production,119,WH3
2025-04-17,RM001,Consumption,-296,WH1
2025-05-25,SF001,Dispatch,-55,WH2
2025-04-02,PK018,Production,200,WH2
2025-04-15,FG018,Production,452,WH3
2025-02-28,FG017,Consumption,-29,WH1
2025-06-15,FG018,Consumption,-61,WH2
2025-03-18,FG003,Consumption,-282,WH1
2025-02-06,PK009,Consumption,-290,WH2
2025-02-27,SF015,Production,246,WH3
2025-02-13,SF002,Production,474,WH1
2025-02-06,PK002,Dispatch,-233,WH3
2025-01-26,RM014,Production,362,WH3
2025-05-26,RM015,Purchase,265,WH3
2025-03-12,SF001,Purchase,93,WH3
2025-01-16,PK003,Dispatch,-107,WH2
2025-01-23,RM009,Dispatch,-31,WH1
2025-06-22,PK008,Dispatch,-50,WH3
2025-02-09,PK004,Dispatch,-26,WH3
2025-02-23,PK013,Dispatch,-196,WH2
2025-04-09,SF010,Purchase,315,WH2
2025-04-16,PK019,Consumption,-42,WH1
2025-04-06,FG012,Purchase,110,WH2
2025-01-19,SF008,Consumption,-245,WH3
2025-01-07,RM007,Production,235,WH3
2025-05-15,RM023,Dispatch,-11,WH3
2025-04-14,PK008,Consumption,-27,WH1
2025-01-29,SF013,Dispatch,-251,WH3
2025-05-01,RM002,Dispatch,-266,WH1
2025-01-22,RM010,Dispatch,-73,WH2
2025-03-06,SF018,Dispatch,-51,WH2
2025-01-20,SF004,Dispatch,-236,WH2
2025-04-28,RM017,Production,347,WH3
2025-03-19,SF003,Consumption,-174,WH2
2025-05-05,RM021,Purchase,164,WH1
2025-05-25,FG023,Consumption,-172,WH1
2025-04-25,RM018,Purchase,323,WH3
2025-05-14,FG002,Purchase,133,WH3
2025-03-29,PK012,Purchase,491,WH3
2025-05-20,RM013,Production,151,WH3
2025-06-28,FG010,Consumption,-114,WH1
2025-06-11,RM008,Dispatch,-18,WH2
2025-03-18,PK007,Consumption,-286,WH2
2025-01-15,PK020,Consumption,-145,WH2
2025-06-07,PK012,Purchase,91,WH1
2025-02-08,SF003,Production,160,WH1
2025-06-02,PK023,Dispatch,-21,WH2
2025-06-11,RM008,Dispatch,-247,WH3
2025-06-16,RM012,Consumption,-22,WH1
2025-06-27,PK025,Production,108,WH2
2025-06-12,RM002,Dispatch,-111,WH2
2025-06-02,PK001,Production,344,WH1
2025-04-21,FG013,Dispatch,-290,WH1
2025-01-22,FG015,Dispatch,-266,WH1
2025-04-26,RM016,Consumption,-234,WH2
2025-03-11,PK012,Production,186,WH1
2025-03-30,FG017,Production,190,WH1
2025-03-19,SF008,Production,468,WH2
2025-02-14,RM023,Dispatch,-147,WH2
2025-04-10,PK012,Purchase,126,WH2
2025-03-26,RM013,Consumption,-278,WH2
2025-04-09,PK010,Consumption,-71,WH1
2025-01-19,FG015,Consumption,-232,WH1
2025-04-06,SF020,Production,289,WH3
2025-02-14,RM018,Dispatch,-255,WH1
2025-05-15,SF022,Production,152,WH3
2025-05-16,RM005,Production,349,WH2
2025-02-14,PK019,Production,92,WH2
2025-02-09,FG023,Consumption,-280,WH2
2025-06-11,FG002,Purchase,468,WH2
2025-06-30,PK022,Consumption,-130,WH2
2025-04-04,SF008,Consumption,-159,WH3
2025-01-30,PK005,Purchase,285,WH2
2025-03-13,RM009,Purchase,472,WH2
2025-05-31,RM017,Production,440,WH3
2025-03-28,SF020,Consumption,-145,WH2
2025-04-04,RM012,Dispatch,-274,WH2
2025-06-10,SF008,Production,284,WH2
2025-01-24,FG003,Consumption,-168,WH1
2025-02-15,RM021,Production,439,WH2
2025-04-20,RM024,Dispatch,-102,WH3
2025-03-05,SF010,Purchase,203,WH2
2025-01-25,SF013,Production,425,WH2
2025-04-02,PK011,Production,165,WH1
2025-06-12,SF009,Production,437,WH3
2025-06-12,SF012,Consumption,-136,WH3
2025-04-21,PK001,Consumption,-76,WH2
2025-05-27,SF015,Dispatch,-217,WH3
2025-01-22,SF018,Purchase,370,WH3
2025-05-11,FG003,Consumption,-102,WH3
2025-06-09,FG005,Production,290,WH1
2025-03-13,PK005,Consumption,-252,WH2
2025-01-01,FG003,Production,125,WH2
2025-06-28,RM002,Production,480,WH3
2025-03-31,FG005,Production,441,WH1
2025-06-22,SF007,Purchase,432,WH2
2025-04-12,RM004,Production,400,WH1
2025-03-23,PK004,Dispatch,-88,WH2
2025-04-24,FG011,Dispatch,-134,WH3
2025-04-29,RM012,Production,75,WH2
2025-01-06,FG007,Dispatch,-75,WH2
2025-02-21,RM022,Production,267,WH1
2025-05-30,PK014,Consumption,-230,WH3
2025-03-27,FG010,Purchase,151,WH3
2025-02-15,FG016,Dispatch,-205,WH3
2025-04-10,PK005,Dispatch,-126,WH1
2025-03-11,PK012,Dispatch,-206,WH3
2025-03-21,RM001,Dispatch,-159,WH3
2025-06-02,SF021,Purchase,286,WH2
2025-05-10,SF002,Production,378,WH2
2025-01-02,PK010,Dispatch,-174,WH3
2025-04-09,SKU_ID,Dispatch,-35,WH3
2025-06-21,SF025,Purchase,362,WH2
2025-04-15,PK014,Consumption,-237,WH2
2025-05-03,SF010,Dispatch,-181,WH2
2025-03-29,PK007,Production,53,WH2
2025-05-25,FG017,Dispatch,-18,WH2
2025-06-18,PK017,Dispatch,-134,WH2
2025-05-06,PK021,Dispatch,-101,WH2
2025-06-17,FG023,Production,89,WH3
2025-05-04,PK015,Production,325,WH1
2025-03-04,PK020,Production,360,WH3
2025-02-06,SF023,Dispatch,-41,WH3
2025-06-03,FG024,Consumption,-260,WH1
2025-04-29,SF024,Purchase,219,WH3
2025-02-16,SF025,Consumption,-256,WH1
2025-05-05,SF003,Dispatch,-145,WH1
2025-06-03,FG010,Production,124,WH3
2025-02-05,RM017,Dispatch,-226,WH3
2025-01-14,RM014,Consumption,-252,WH2
2025-06-30,PK015,Purchase,402,WH1
2025-05-25,SF004,Consumption,-143,WH3
2025-04-17,RM015,Purchase,331,WH2
2025-04-23,FG010,Purchase,257,WH1
2025-01-25,PK004,Purchase,132,WH2
2025-02-15,FG023,Purchase,293,WH3
2025-01-26,PK018,Dispatch,-61,WH3
2025-02-22,RM007,Consumption,-227,WH3
2025-06-10,PK014,Purchase,111,WH1
2025-05-05,RM018,Dispatch,-137,WH2
2025-04-11,SF024,Consumption,-14,WH2
2025-03-06,SF021,Consumption,-112,WH3
2025-02-19,FG017,Purchase,292,WH2
2025-04-12,FG016,Consumption,-236,WH2
2025-02-17,RM014,Purchase,334,WH1
2025-05-07,RM022,Consumption,-209,WH2
2025-02-19,FG018,Consumption,-96,WH1
2025-04-03,PK013,Purchase,190,WH3
2025-03-21,RM017,Production,124,WH1
2025-01-08,RM007,Dispatch,-277,WH2
2025-06-07,PK004,Production,296,WH2
2025-02-28,RM006,Purchase,88,WH3
2025-06-30,SF013,Dispatch,-251,WH3
2025-06-06,PK008,Production,50,WH2
2025-02-22,RM015,Consumption,-99,WH1
2025-06-02,PK023,Dispatch,-136,WH2
2025-05-05,SF006,Dispatch,-263,WH1
2025-02-17,FG024,Dispatch,-106,WH1
2025-03-21,SF016,Production,166,WH3
2025-05-12,PK001,Consumption,-41,WH2
2025-03-23,FG002,Production,474,WH3
2025-01-31,PK022,Dispatch,-25,WH1
2025-02-27,SF024,Purchase,366,WH1
2025-06-08,RM021,Production,170,WH1
2025-02-24,SF018,Production,439,WH1
2025-05-24,RM004,Purchase,357,WH2
2025-02-13,FG010,Consumption,-178,WH3
2025-03-23,FG012,Consumption,-96,WH1
2025-01-28,FG016,Production,314,WH2
2025-04-27,SF016,Production,93,WH1
2025-02-28,FG009,Purchase,168,WH2
2025-06-25,RM004,Production,254,WH1
2025-05-30,RM022,Production,273,WH2
2025-05-31,PK004,Consumption,-29,WH1
2025-02-12,PK023,Production,158,WH1
2025-02-18,FG016,Purchase,210,WH2
2025-04-29,RM016,Purchase,193,WH1
2025-02-21,FG024,Dispatch,-107,WH2
2025-05-18,FG003,Dispatch,-198,WH1
2025-06-17,FG011,Consumption,-216,WH3
2025-05-29,PK013,Consumption,-76,WH3
2025-06-13,SF007,Dispatch,-184,WH2
2025-01-11,PK010,Consumption,-127,WH2
2025-06-15,PK022,Purchase,306,WH1
2025-03-10,RM016,Consumption,-236,WH2
2025-03-14,PK024,Purchase,200,WH3
2025-05-05,RM012,Dispatch,-66,WH1
2025-03-11,PK004,Consumption,-152,WH3
2025-04-20,PK022,Purchase,83,WH1
2025-06-07,PK019,Production,374,WH3
2025-02-12,FG004,Dispatch,-180,WH2
2025-03-09,PK012,Purchase,148,WH1
2025-01-10,PK005,Purchase,301,WH1
2025-06-18,RM005,Production,416,WH3
2025-01-28,SF022,Purchase,403,WH3
2025-05-14,PK023,Purchase,116,WH1
2025-02-06,PK004,Dispatch,-157,WH1
2025-06-27,PK006,Production,340,WH2
2025-05-15,RM022,Production,485,WH2
2025-06-16,RM008,Production,118,WH1
2025-01-26,FG010,Purchase,175,WH3
2025-01-15,RM005,Consumption,-254,WH1
2025-01-29,FG023,Production,283,WH1
2025-04-16,RM018,Dispatch,-263,WH3
2025-06-08,RM024,Consumption,-300,WH3
2025-05-01,RM005,Dispatch,-101,WH1
2025-06-08,PK005,Dispatch,-102,WH1
2025-01-15,FG002,Purchase,237,WH3
2025-06-23,PK015,Dispatch,-124,WH2
2025-03-12,FG024,Production,304,WH1
2025-06-27,PK025,Production,427,WH3
2025-04-05,PK005,Consumption,-51,WH2
2025-06-15,FG011,Consumption,-166,WH1
2025-01-10,FG001,Production,61,WH2
2025-06-10,PK008,Dispatch,-194,WH1
2025-03-29,FG003,Consumption,-298,WH1
2025-04-06,FG024,Dispatch,-122,WH1
2025-01-22,FG020,Production,140,WH2
2025-02-05,FG017,Purchase,87,WH1
2025-05-23,FG013,Consumption,-168,WH1
2025-03-01,RM024,Dispatch,-54,WH3
2025-05-05,PK011,Dispatch,-229,WH3
2025-04-02,PK005,Purchase,137,WH1
2025-04-27,SF003,Dispatch,-239,WH2
2025-02-04,SF001,Production,391,WH1
2025-04-23,RM008,Purchase,375,WH3
2025-05-24,SF017,Production,140,WH1
2025-06-14,RM006,Purchase,80,WH1
2025-02-02,FG006,Purchase,454,WH1
2025-01-02,PK021,Consumption,-74,WH2
2025-04-02,PK015,Purchase,296,WH2
2025-04-08,PK016,Consumption,-152,WH3
2025-04-12,SF002,Dispatch,-108,WH3
2025-01-11,PK024,Consumption,-268,WH3
2025-04-17,RM018,Consumption,-49,WH2
2025-04-21,PK006,Dispatch,-204,WH3
2025-06-03,FG011,Dispatch,-184,WH2
2025-01-23,RM020,Dispatch,-290,WH3
2025-06-11,PK014,Dispatch,-110,WH3
2025-03-23,FG023,Dispatch,-300,WH2
2025-06-28,PK010,Production,415,WH2
2025-02-13,FG001,Production,345,WH2
2025-02-01,SF025,Consumption,-289,WH1
2025-03-18,RM022,Purchase,53,WH3
2025-01-10,SF005,Purchase,182,WH1
2025-04-01,RM022,Production,458,WH3
2025-05-13,PK005,Consumption,-242,WH1
2025-02-24,SF006,Dispatch,-116,WH2
2025-02-25,RM014,Production,326,WH3
2025-01-16,RM017,Dispatch,-180,WH1
2025-01-16,RM024,Purchase,428,WH3
2025-03-17,SF019,Dispatch,-299,WH2
2025-04-21,FG004,Consumption,-43,WH3
2025-03-09,SKU_ID,Production,479,WH2
2025-02-28,SF006,Consumption,-145,WH3
2025-05-18,RM022,Consumption,-80,WH1
2025-06-02,SF005,Consumption,-262,WH2
2025-03-10,SF008,Purchase,144,WH2
2025-06-13,RM025,Dispatch,-287,WH1
2025-06-24,RM003,Purchase,457,WH3
2025-04-15,FG011,Production,332,WH3
2025-04-03,SF021,Consumption,-152,WH1
2025-03-13,FG019,Consumption,-236,WH1
2025-03-17,PK002,Dispatch,-196,WH3
2025-01-10,RM019,Production,314,WH1
2025-03-10,SF022,Purchase,354,WH3
2025-02-06,PK006,Dispatch,-218,WH2
2025-02-17,RM012,Consumption,-218,WH2
2025-04-09,PK023,Production,262,WH3
2025-02-04,FG001,Purchase,60,WH3
2025-01-23,PK019,Dispatch,-95,WH1
2025-05-25,PK015,Production,283,WH3
2025-01-19,RM012,Production,396,WH3
2025-05-21,SF017,Production,422,WH3
2025-05-04,PK001,Consumption,-94,WH1
2025-06-30,RM024,Consumption,-225,WH3
2025-06-04,FG003,Production,204,WH3
2025-04-09,PK001,Consumption,-125,WH2
2025-05-11,PK009,Production,374,WH1
2025-05-08,RM009,Dispatch,-47,WH2
2025-06-04,SF012,Production,184,WH1
2025-05-07,RM007,Dispatch,-299,WH1
2025-05-23,FG001,Consumption,-101,WH1
2025-04-15,FG016,Dispatch,-266,WH3
2025-03-02,FG007,Purchase,306,WH3
2025-02-26,SF016,Production,294,WH2
2025-03-03,PK002,Purchase,449,WH3
2025-02-20,SF016,Production,370,WH2
2025-06-28,PK011,Consumption,-165,WH2
2025-01-25,SF014,Production,73,WH2
2025-04-11,RM007,Consumption,-33,WH1
2025-03-20,PK024,Consumption,-231,WH1
2025-05-26,RM010,Consumption,-78,WH1
2025-01-24,PK011,Consumption,-40,WH3
2025-01-19,PK019,Purchase,322,WH3
2025-06-07,FG005,Purchase,239,WH1
2025-05-31,PK015,Consumption,-85,WH3
2025-02-28,FG013,Dispatch,-17,WH3
2025-06-22,FG008,Production,267,WH2
2025-04-11,PK014,Consumption,-132,WH2
2025-03-23,PK024,Consumption,-246,WH2
2025-04-15,PK013,Consumption,-136,WH1
2025-01-27,RM019,Purchase,196,WH3
2025-06-16,RM007,Purchase,141,WH1
2025-04-17,SF007,Purchase,442,WH3
2025-02-13,FG003,Purchase,334,WH2
2025-06-13,PK020,Production,427,WH1
2025-03-27,RM019,Consumption,-57,WH3
2025-04-27,RM014,Production,216,WH2
2025-05-14,PK022,Purchase,437,WH2
2025-01-13,PK022,Consumption,-172,WH1
2025-03-13,PK023,Purchase,488,WH3
2025-04-17,RM024,Dispatch,-131,WH2
2025-01-09,RM004,Purchase,451,WH3
2025-02-19,RM012,Consumption,-115,WH2
2025-05-09,FG005,Consumption,-53,WH3
2025-02-07,PK002,Consumption,-210,WH2
2025-01-11,FG015,Consumption,-115,WH3
2025-06-13,SKU_ID,Consumption,-185,WH1
2025-05-04,SF012,Dispatch,-74,WH1
2025-02-27,FG018,Production,294,WH2
2025-04-16,RM023,Purchase,50,WH1
2025-01-14,PK023,Purchase,159,WH1
2025-03-23,PK007,Dispatch,-290,WH1
2025-02-20,SF008,Purchase,417,WH3
2025-01-22,FG020,Dispatch,-271,WH1
2025-05-08,FG004,Production,322,WH2
2025-06-17,PK021,Dispatch,-208,WH3
2025-03-18,PK005,Dispatch,-38,WH3
2025-02-05,RM014,Dispatch,-181,WH2
2025-04-30,RM009,Production,413,WH1
2025-05-02,SF006,Dispatch,-266,WH1
2025-05-08,FG012,Purchase,155,WH3
2025-06-01,SF005,Dispatch,-85,WH3
2025-05-01,RM009,Dispatch,-258,WH3
2025-01-02,FG014,Purchase,372,WH3
2025-02-19,RM024,Consumption,-179,WH3
2025-05-17,RM005,Purchase,161,WH2
2025-06-19,RM014,Production,91,WH1
2025-05-21,SF024,Purchase,87,WH2
2025-01-03,RM009,Purchase,280,WH1
2025-01-29,PK025,Purchase,233,WH2
2025-01-12,SF007,Production,155,WH2
2025-04-03,RM002,Purchase,451,WH2
2025-06-26,PK004,Dispatch,-23,WH1
2025-03-15,PK019,Consumption,-82,WH3
2025-02-01,PK011,Consumption,-38,WH1
2025-01-11,PK021,Dispatch,-193,WH3
2025-01-22,PK004,Purchase,236,WH3
2025-04-01,RM025,Production,343,WH3
2025-06-09,PK016,Production,367,WH2
2025-05-12,SF018,Purchase,447,WH2
2025-03-16,SF010,Consumption,-86,WH3
2025-01-27,SF001,Consumption,-31,WH2
2025-03-16,PK004,Purchase,385,WH3
2025-02-22,RM001,Purchase,332,WH2
2025-03-21,PK017,Purchase,432,WH3
2025-06-08,RM017,Production,481,WH2
2025-03-16,RM004,Purchase,236,WH3
2025-05-04,FG013,Dispatch,-287,WH2
2025-04-18,FG021,Dispatch,-282,WH1
2025-05-01,FG002,Consumption,-104,WH3
2025-03-25,FG011,Dispatch,-87,WH1
2025-05-11,PK003,Production,170,WH2
2025-04-09,SF003,Dispatch,-121,WH1
2025-05-17,SF002,Production,99,WH2
2025-02-08,FG005,Production,417,WH3
2025-06-18,SF012,Consumption,-55,WH2
2025-06-03,FG006,Production,188,WH3
2025-03-18,PK024,Dispatch,-54,WH3
2025-05-19,RM001,Consumption,-119,WH2
2025-01-06,FG014,Production,326,WH2
2025-05-04,SF008,Dispatch,-249,WH3
2025-05-29,PK018,Consumption,-149,WH2
2025-05-06,FG014,Consumption,-12,WH2
2025-03-12,SF013,Consumption,-96,WH1
2025-02-11,PK010,Purchase,142,WH2
2025-01-01,FG014,Purchase,412,WH1
2025-04-25,SF016,Purchase,265,WH2
2025-02-06,RM012,Consumption,-113,WH1
2025-04-28,RM025,Dispatch,-171,WH1
2025-01-27,SKU_ID,Purchase,195,WH3
2025-04-11,RM012,Purchase,129,WH3
2025-01-14,PK003,Purchase,116,WH3
2025-03-09,SF017,Dispatch,-276,WH3
2025-05-02,SF020,Dispatch,-255,WH1
2025-04-24,FG020,Production,413,WH1
2025-05-02,SF003,Production,51,WH1
2025-02-02,RM012,Purchase,495,WH3
2025-02-02,SF024,Purchase,361,WH2
2025-05-15,FG018,Dispatch,-128,WH1
2025-04-25,PK002,Dispatch,-158,WH3
2025-04-25,SF011,Production,390,WH3
2025-02-25,RM006,Purchase,324,WH3
2025-06-12,FG006,Production,201,WH2
2025-01-08,PK009,Consumption,-231,WH2
2025-05-10,FG014,Production,97,WH1
2025-05-22,FG020,Production,117,WH2
2025-02-02,FG015,Consumption,-252,WH2
2025-03-14,RM016,Dispatch,-229,WH2
2025-03-14,PK004,Purchase,105,WH1
2025-02-01,PK010,Dispatch,-70,WH1
2025-04-02,RM023,Dispatch,-270,WH3
2025-02-20,RM007,Production,72,WH2
2025-02-05,SF023,Consumption,-10,WH2
2025-01-29,RM015,Production,440,WH3
2025-04-20,SF023,Production,461,WH2
2025-02-18,FG008,Dispatch,-177,WH1
2025-03-12,RM011,Dispatch,-35,WH3
2025-01-24,SF003,Production,73,WH1
2025-03-25,FG012,Consumption,-103,WH2
2025-03-15,SF015,Purchase,87,WH1
2025-04-27,RM004,Production,466,WH3
2025-04-21,PK025,Purchase,466,WH1
2025-03-18,RM012,Purchase,147,WH1
2025-06-29,RM016,Production,433,WH2
2025-01-15,PK006,Consumption,-62,WH1
2025-02-13,RM009,Production,354,WH2
2025-06-05,RM012,Production,348,WH1
2025-02-06,SF002,Dispatch,-28,WH3
2025-06-23,PK010,Production,113,WH3
2025-02-15,RM013,Consumption,-48,WH3
2025-03-03,FG005,Consumption,-139,WH2
2025-03-23,RM001,Dispatch,-299,WH3
2025-05-18,SF009,Consumption,-177,WH3
2025-02-09,SF001,Dispatch,-79,WH2
2025-05-26,PK021,Dispatch,-125,WH2
2025-06-27,RM015,Dispatch,-110,WH2
2025-04-03,RM014,Production,476,WH1
2025-02-10,FG014,Dispatch,-254,WH2
2025-05-11,FG010,Purchase,75,WH2
2025-01-12,FG002,Consumption,-51,WH3
2025-04-10,RM011,Consumption,-234,WH3
2025-02-22,RM018,Consumption,-28,WH3
2025-02-09,PK017,Purchase,342,WH1
2025-05-04,PK002,Purchase,391,WH2
2025-03-15,FG015,Consumption,-250,WH2
2025-01-28,SF023,Consumption,-37,WH1
2025-04-01,RM014,Consumption,-87,WH1
2025-06-11,SF020,Dispatch,-146,WH3
2025-04-30,SF013,Consumption,-237,WH3
2025-04-13,PK014,Dispatch,-35,WH1
2025-03-29,SF018,Purchase,409,WH3
2025-02-25,FG005,Production,422,WH1
2025-06-19,PK017,Production,64,WH3
2025-01-26,PK022,Purchase,480,WH2
2025-06-25,FG010,Production,451,WH1
2025-06-04,PK002,Consumption,-184,WH1
2025-03-18,SF011,Purchase,56,WH3
2025-02-01,PK012,Purchase,436,WH2
2025-05-25,PK007,Consumption,-169,WH1
2025-05-09,RM016,Production,472,WH1
2025-04-25,RM020,Consumption,-211,WH1
2025-03-27,SF001,Production,220,WH1
2025-02-20,FG022,Dispatch,-236,WH3
2025-01-08,RM007,Dispatch,-253,WH1
2025-04-23,PK014,Consumption,-202,WH2
2025-06-02,RM003,Production,131,WH3
2025-02-15,PK020,Purchase,390,WH1
2025-04-06,SF015,Dispatch,-146,WH1
2025-01-07,FG003,Production,465,WH3
2025-05-13,FG001,Dispatch,-133,WH1
2025-05-01,PK025,Purchase,235,WH2
2025-03-01,PK001,Dispatch,-36,WH1
2025-02-24,FG011,Production,364,WH2
2025-03-14,FG012,Production,463,WH1
2025-06-06,RM018,Dispatch,-109,WH2
2025-01-02,PK020,Dispatch,-46,WH1
2025-04-27,RM020,Purchase,455,WH2
2025-04-01,RM003,Consumption,-67,WH3
2025-01-11,RM010,Purchase,457,WH3
2025-05-28,PK018,Dispatch,-185,WH2
2025-01-01,SF012,Dispatch,-231,WH1
2025-03-12,FG021,Dispatch,-166,WH1
2025-05-16,FG009,Consumption,-153,WH1
2025-03-10,PK015,Consumption,-82,WH1
2025-04-22,RM020,Dispatch,-273,WH1
2025-06-05,PK013,Purchase,232,WH3
2025-06-03,SKU_ID,Dispatch,-50,WH3
2025-02-08,RM010,Consumption,-41,WH2
2025-02-16,PK002,Purchase,475,WH3
2025-04-12,PK001,Production,264,WH3
2025-05-22,FG018,Dispatch,-158,WH2
2025-06-02,SF014,Production,163,WH1
2025-05-23,FG005,Dispatch,-185,WH1
2025-01-23,SF013,Dispatch,-20,WH3
2025-06-11,PK001,Purchase,133,WH1
2025-06-16,FG019,Consumption,-240,WH1
2025-06-14,PK023,Dispatch,-99,WH2
2025-02-10,SF011,Purchase,278,WH1
2025-01-17,FG006,Production,268,WH2
2025-01-29,FG007,Purchase,144,WH3
2025-05-29,FG022,Production,211,WH3
2025-01-12,FG009,Dispatch,-221,WH3
2025-05-14,RM002,Production,79,WH1
2025-05-05,SF003,Purchase,403,WH3
2025-01-02,RM015,Dispatch,-107,WH1
2025-06-14,RM015,Purchase,269,WH1
2025-02-13,FG016,Purchase,249,WH2
2025-05-02,FG015,Consumption,-253,WH2
2025-02-09,PK019,Consumption,-46,WH2
2025-05-09,FG015,Purchase,290,WH2
2025-06-01,PK014,Purchase,383,WH3
2025-03-05,PK006,Dispatch,-125,WH2
2025-01-11,RM003,Dispatch,-161,WH1
2025-01-09,PK002,Purchase,382,WH2
2025-06-07,PK001,Dispatch,-175,WH1
2025-02-17,RM001,Dispatch,-220,WH2
2025-05-09,RM023,Purchase,387,WH2
2025-05-24,FG016,Purchase,335,WH2
2025-02-02,SF005,Production,273,WH1
2025-03-07,SF002,Purchase,380,WH3
2025-02-02,SF005,Dispatch,-120,WH2
2025-03-07,PK003,Production,411,WH1
2025-03-30,RM011,Production,234,WH1
2025-05-12,RM017,Purchase,253,WH1
2025-03-07,FG006,Purchase,283,WH1
2025-01-07,RM004,Purchase,375,WH1
2025-06-14,PK025,Consumption,-145,WH2
2025-02-15,FG004,Purchase,64,WH1
2025-02-11,SF022,Production,211,WH3
2025-01-14,FG012,Purchase,265,WH1
2025-01-08,RM019,Production,71,WH3
2025-01-09,RM020,Purchase,85,WH1
2025-03-09,SF006,Consumption,-159,WH1
2025-03-16,PK017,Consumption,-33,WH2
2025-03-25,RM011,Production,476,WH3
2025-02-14,PK025,Consumption,-179,WH1
2025-01-05,FG014,Purchase,498,WH3
2025-03-22,FG018,Production,72,WH2
2025-05-11,PK019,Dispatch,-154,WH2
2025-05-17,FG006,Production,352,WH3
2025-04-12,SF016,Purchase,172,WH1
2025-01-29,SF023,Production,441,WH1
2025-02-27,SF025,Production,73,WH3
2025-05-10,FG019,Consumption,-272,WH2
2025-03-08,PK020,Consumption,-253,WH1
2025-01-03,FG002,Production,389,WH2
2025-03-10,SF024,Production,152,WH3
2025-06-08,SF005,Dispatch,-229,WH3
2025-04-10,FG011,Dispatch,-208,WH3
2025-03-23,SF023,Production,168,WH2
2025-06-23,RM023,Dispatch,-80,WH3
2025-06-22,RM019,Production,302,WH1
2025-01-14,SF004,Production,61,WH1
2025-03-21,FG003,Consumption,-155,WH2
2025-05-07,PK008,Dispatch,-288,WH1
2025-01-22,FG009,Production,249,WH1
2025-06-30,FG012,Purchase,413,WH3
2025-01-06,PK020,Consumption,-107,WH3
2025-01-31,PK019,Purchase,171,WH2
2025-01-05,RM025,Production,97,WH1
2025-01-19,SF025,Purchase,59,WH2
2025-06-16,SF009,Consumption,-255,WH3
2025-06-14,PK024,Dispatch,-197,WH1
2025-01-21,PK003,Production,384,WH3
2025-04-03,SF001,Dispatch,-139,WH3
2025-02-08,RM009,Dispatch,-88,WH3
2025-05-27,FG004,Production,68,WH2
2025-02-07,SF007,Production,329,WH3
2025-04-11,PK017,Purchase,62,WH1
2025-06-08,RM004,Production,139,WH2
2025-03-25,RM017,Purchase,484,WH2
2025-04-12,RM020,Purchase,84,WH3
2025-04-21,SF004,Purchase,282,WH3
2025-03-27,SKU_ID,Dispatch,-56,WH1
2025-03-25,FG019,Dispatch,-260,WH3
2025-01-22,FG013,Production,333,WH2
2025-01-11,PK012,Dispatch,-128,WH1
2025-01-08,FG018,Consumption,-84,WH1
2025-03-30,RM009,Dispatch,-212,WH3
2025-01-20,RM002,Consumption,-267,WH1
2025-05-06,FG020,Consumption,-84,WH1
2025-06-09,RM024,Production,430,WH1
2025-06-06,FG008,Dispatch,-146,WH3
2025-04-12,PK023,Dispatch,-75,WH3
2025-03-03,SF017,Purchase,105,WH2
2025-01-29,RM006,Purchase,498,WH2
2025-06-15,PK011,Consumption,-282,WH3
2025-01-10,PK018,Dispatch,-71,WH2
2025-02-06,PK007,Purchase,463,WH1
2025-02-05,SKU_ID,Production,106,WH3
2025-05-18,RM007,Production,216,WH1
2025-03-21,FG005,Purchase,109,WH1
2025-01-09,RM007,Dispatch,-300,WH1
2025-05-02,RM002,Production,202,WH2
2025-02-07,RM008,Dispatch,-53,WH3
2025-01-18,FG021,Consumption,-170,WH2
2025-01-20,RM004,Production,353,WH3
2025-06-14,FG022,Consumption,-57,WH2
2025-01-28,FG013,Purchase,258,WH2
2025-02-12,PK011,Purchase,73,WH3
2025-02-17,RM009,Production,183,WH1
2025-04-21,PK004,Purchase,480,WH1
2025-02-06,PK012,Consumption,-197,WH3
2025-02-09,PK006,Purchase,166,WH1
2025-04-05,FG013,Purchase,461,WH1
2025-06-28,RM015,Consumption,-153,WH1
2025-02-28,SF025,Production,193,WH2
2025-05-26,FG014,Production,416,WH1
2025-01-10,PK020,Purchase,471,WH3
2025-04-05,PK017,Dispatch,-81,WH2
2025-06-25,SF012,Dispatch,-266,WH2
2025-05-11,FG008,Production,106,WH3
2025-02-22,RM008,Production,249,WH1
2025-01-11,SKU_ID,Purchase,312,WH3
2025-05-30,SF002,Dispatch,-168,WH1
2025-04-05,RM009,Consumption,-263,WH2
2025-05-19,SF025,Production,215,WH3
2025-05-19,SF001,Purchase,257,WH1
2025-04-10,SF009,Dispatch,-300,WH2
2025-01-23,PK003,Purchase,124,WH2
2025-06-07,SF023,Production,60,WH1
2025-06-22,SF017,Consumption,-198,WH1
2025-04-13,PK019,Purchase,431,WH1
2025-05-22,RM007,Production,194,WH1
2025-03-25,SF024,Purchase,218,WH1
2025-01-29,PK011,Production,477,WH3
2025-01-21,SF025,Purchase,405,WH1
2025-03-10,PK005,Production,91,WH1
2025-01-16,PK018,Consumption,-250,WH3
2025-06-10,SF012,Production,124,WH1
2025-02-13,FG024,Purchase,225,WH3
2025-02-24,FG015,Dispatch,-101,WH3
2025-04-18,RM004,Purchase,476,WH1
2025-05-01,SF019,Purchase,321,WH2
2025-06-21,SF003,Dispatch,-55,WH1
2025-04-27,FG010,Consumption,-121,WH3
2025-01-07,RM010,Production,487,WH1
2025-01-15,SF004,Purchase,340,WH3
2025-05-20,FG007,Purchase,405,WH1
2025-05-04,RM010,Consumption,-14,WH2
2025-05-01,SF023,Purchase,333,WH3
2025-05-11,SF009,Production,152,WH3
2025-05-10,PK024,Production,265,WH2
2025-02-17,RM002,Dispatch,-293,WH2
2025-06-08,RM019,Production,187,WH1
2025-04-10,PK007,Purchase,420,WH1
2025-06-13,PK020,Purchase,80,WH2
2025-01-27,FG006,Purchase,221,WH3
2025-03-01,PK017,Production,63,WH3
2025-04-01,FG003,Dispatch,-150,WH1
2025-02-21,SF013,Dispatch,-160,WH2
2025-06-30,FG002,Production,431,WH2
2025-05-25,SF001,Consumption,-266,WH1
2025-05-09,RM005,Production,454,WH2
2025-04-17,RM014,Production,301,WH2
2025-06-06,SF008,Dispatch,-53,WH1
2025-05-29,RM013,Dispatch,-182,WH1
2025-02-02,PK022,Dispatch,-294,WH1
2025-05-19,SF008,Production,447,WH2
2025-01-09,PK016,Purchase,247,WH3
2025-01-21,PK019,Purchase,273,WH3
2025-02-09,SF012,Consumption,-255,WH2
2025-02-01,FG004,Production,340,WH1
2025-05-27,PK006,Production,331,WH2
2025-01-16,SF025,Dispatch,-228,WH2
2025-02-10,RM018,Consumption,-132,WH2
2025-03-06,RM007,Consumption,-15,WH1
2025-02-21,PK014,Consumption,-170,WH3
2025-05-24,SF023,Consumption,-71,WH3
2025-04-12,SF024,Production,280,WH2
2025-06-07,FG021,Production,171,WH1
2025-01-31,RM007,Consumption,-132,WH3
2025-04-14,SF022,Purchase,440,WH3
2025-03-20,FG017,Production,338,WH2
2025-05-20,SKU_ID,Production,445,WH1
2025-03-18,RM021,Consumption,-163,WH2
2025-03-02,PK011,Dispatch,-118,WH2
2025-05-02,FG016,Purchase,114,WH1
2025-02-20,SF017,Consumption,-262,WH2
2025-06-03,FG017,Consumption,-201,WH3
2025-01-02,RM009,Consumption,-180,WH1
2025-05-23,SF018,Dispatch,-146,WH3
2025-02-25,SF010,Purchase,469,WH1
2025-02-27,SF003,Purchase,227,WH3
2025-05-31,RM007,Purchase,420,WH2
2025-01-20,PK008,Dispatch,-104,WH2
2025-06-20,FG017,Purchase,206,WH1
2025-04-26,FG010,Consumption,-158,WH1
2025-02-17,SF025,Production,481,WH2
2025-02-21,RM002,Production,387,WH1
2025-04-24,RM008,Production,80,WH3
2025-03-28,SF010,Production,323,WH3
2025-01-20,FG016,Consumption,-48,WH3
2025-03-23,SF018,Production,203,WH1
2025-05-18,SF002,Consumption,-50,WH1
2025-04-23,FG022,Production,73,WH2
2025-06-18,SF007,Production,332,WH1
2025-02-23,FG004,Purchase,276,WH3
2025-06-08,PK024,Purchase,252,WH2
2025-02-16,RM010,Consumption,-61,WH3
2025-01-17,PK020,Consumption,-70,WH3
2025-05-16,RM006,Production,164,WH3
2025-02-10,SF002,Consumption,-199,WH2
2025-06-09,FG017,Purchase,111,WH3
2025-05-16,SF007,Purchase,462,WH2
2025-01-20,FG007,Consumption,-218,WH2
2025-06-20,PK003,Purchase,160,WH3
2025-05-18,SF022,Purchase,188,WH1
2025-03-16,PK004,Consumption,-248,WH2
2025-04-23,PK018,Dispatch,-92,WH3
2025-05-04,SF005,Dispatch,-87,WH2
2025-04-27,SF020,Production,392,WH2
2025-05-15,PK010,Production,498,WH1
2025-04-25,RM017,Purchase,67,WH3
2025-03-29,PK023,Purchase,353,WH2
2025-04-16,PK020,Production,387,WH1
2025-01-09,FG014,Purchase,125,WH3
2025-01-10,RM007,Production,110,WH3
2025-02-26,RM011,Consumption,-97,WH3
2025-03-21,RM022,Purchase,423,WH2
2025-03-06,RM002,Dispatch,-142,WH3
2025-04-28,SF008,Consumption,-126,WH2
2025-06-24,FG020,Production,477,WH3
2025-02-04,RM004,Purchase,189,WH1
2025-06-05,RM008,Purchase,298,WH1
2025-02-19,SF023,Consumption,-110,WH2
2025-04-22,SF023,Purchase,141,WH1
2025-05-26,FG013,Purchase,312,WH1
2025-02-10,RM025,Purchase,189,WH3
2025-01-07,PK007,Purchase,368,WH3
2025-02-06,RM017,Purchase,384,WH1
2025-06-08,FG021,Purchase,397,WH2
2025-04-13,PK022,Dispatch,-296,WH2
2025-06-09,SF014,Purchase,322,WH1
2025-06-29,RM015,Consumption,-85,WH1
2025-06-21,FG004,Purchase,419,WH3
2025-02-27,SF004,Consumption,-272,WH2
2025-05-28,FG019,Dispatch,-46,WH3
2025-06-09,FG009,Production,495,WH1
2025-02-09,FG011,Consumption,-200,WH3
2025-04-17,RM019,Dispatch,-137,WH3
2025-04-27,RM001,Purchase,447,WH2
2025-06-23,RM024,Consumption,-171,WH3
2025-04-28,SF021,Purchase,129,WH3
2025-02-04,PK020,Dispatch,-287,WH3
2025-02-21,RM020,Production,66,WH1
2025-02-21,RM022,Purchase,485,WH2
2025-05-24,RM010,Purchase,145,WH1
2025-02-17,PK003,Production,138,WH1
2025-05-12,FG011,Production,358,WH2
2025-01-02,SF017,Dispatch,-236,WH1
2025-04-18,RM014,Consumption,-155,WH2
2025-04-21,FG011,Dispatch,-117,WH3
2025-02-03,FG017,Production,219,WH1
2025-03-16,PK008,Consumption,-175,WH2
2025-01-11,FG021,Purchase,149,WH3
2025-01-08,RM022,Purchase,468,WH1
2025-02-03,PK004,Production,235,WH2
2025-01-26,FG004,Dispatch,-15,WH1
2025-06-02,RM023,Production,375,WH1
2025-04-28,RM016,Consumption,-212,WH3
2025-01-11,SF022,Consumption,-123,WH1
2025-06-04,PK024,Production,81,WH3
2025-05-02,RM014,Purchase,463,WH2
2025-05-04,PK020,Purchase,67,WH2
2025-02-03,RM003,Production,118,WH1
2025-03-25,PK016,Purchase,460,WH1
2025-05-21,RM024,Purchase,201,WH1
2025-05-24,RM021,Dispatch,-181,WH3
2025-01-02,FG013,Consumption,-261,WH3
2025-02-06,RM007,Production,417,WH2
2025-01-24,RM003,Dispatch,-254,WH1
2025-06-25,PK024,Consumption,-25,WH3
2025-05-16,PK012,Consumption,-36,WH3
2025-02-08,RM012,Dispatch,-275,WH1
2025-01-07,FG024,Production,190,WH1
2025-03-03,SF002,Consumption,-185,WH2
2025-01-30,PK007,Production,448,WH1
2025-06-06,SF015,Consumption,-171,WH3
2025-05-14,FG011,Production,93,WH2
2025-06-27,RM015,Purchase,495,WH1
2025-04-03,PK024,Consumption,-264,WH2
2025-06-28,FG022,Production,165,WH3
2025-04-18,SF005,Dispatch,-89,WH3
2025-01-23,PK009,Consumption,-195,WH2
2025-06-24,RM025,Consumption,-20,WH2
2025-05-27,RM020,Dispatch,-207,WH1
2025-01-02,RM001,Production,393,WH2
2025-01-06,SF012,Consumption,-119,WH2
2025-01-18,SF021,Purchase,243,WH2
2025-04-02,PK002,Purchase,199,WH2
2025-02-12,SF024,Dispatch,-47,WH3
2025-01-30,SF003,Consumption,-181,WH3
2025-03-02,PK023,Purchase,191,WH2
2025-01-12,RM011,Purchase,370,WH2
2025-06-10,PK001,Consumption,-228,WH3
2025-02-24,FG005,Production,283,WH1
2025-01-03,PK003,Production,69,WH1
2025-05-12,PK004,Production,264,WH2
2025-03-29,SF015,Dispatch,-160,WH1
2025-05-01,FG004,Purchase,195,WH2
2025-05-13,RM015,Consumption,-59,WH2
2025-06-28,PK002,Purchase,370,WH2
2025-02-04,PK012,Dispatch,-249,WH3
2025-02-17,RM011,Dispatch,-79,WH2
2025-03-09,SF021,Consumption,-21,WH3
2025-06-18,SF005,Consumption,-88,WH1
2025-02-18,FG017,Dispatch,-118,WH3
2025-03-19,SF025,Production,234,WH3
2025-03-23,SF004,Purchase,180,WH3
2025-03-21,PK017,Consumption,-154,WH2
2025-01-15,PK016,Purchase,490,WH3
2025-04-16,FG024,Production,238,WH3
2025-04-04,SF008,Dispatch,-49,WH3
2025-02-18,RM017,Consumption,-97,WH1
2025-03-17,FG004,Dispatch,-182,WH2
2025-02-06,RM022,Dispatch,-100,WH3
2025-02-22,FG024,Purchase,134,WH3
2025-01-19,RM002,Purchase,136,WH3
2025-01-01,FG007,Production,499,WH2
2025-02-21,SF002,Consumption,-150,WH3
2025-02-18,RM014,Production,488,WH1
2025-04-07,RM020,Purchase,97,WH1
2025-01-25,PK023,Dispatch,-268,WH3
2025-05-11,RM022,Purchase,242,WH1
2025-01-14,PK018,Consumption,-207,WH3
2025-05-25,FG013,Production,245,WH2
2025-06-18,SF003,Production,197,WH2
2025-01-22,SF014,Purchase,82,WH2
2025-05-25,RM007,Dispatch,-186,WH2
2025-03-15,PK008,Production,55,WH1
2025-03-11,SF010,Dispatch,-216,WH2
2025-05-20,FG004,Purchase,295,WH1
2025-04-29,PK018,Production,184,WH3
2025-01-16,RM018,Dispatch,-42,WH3
2025-05-30,FG011,Dispatch,-109,WH1
2025-02-08,PK006,Dispatch,-156,WH3
2025-03-25,FG021,Production,364,WH1
2025-05-05,PK008,Dispatch,-230,WH1
2025-04-12,RM001,Purchase,360,WH2
2025-06-10,SF002,Dispatch,-40,WH2
2025-05-22,RM012,Consumption,-221,WH2
2025-03-21,PK006,Consumption,-80,WH3
2025-03-15,PK004,Dispatch,-284,WH1
2025-06-02,FG017,Dispatch,-50,WH1
2025-05-04,SF008,Production,301,WH2
2025-05-14,SF015,Production,281,WH3
2025-01-05,PK023,Dispatch,-191,WH3
2025-04-10,RM014,Consumption,-212,WH3
2025-05-06,SF005,Purchase,158,WH3
2025-01-17,FG014,Consumption,-154,WH3
2025-06-28,PK010,Dispatch,-158,WH1
2025-04-28,FG011,Production,296,WH1
2025-06-17,PK018,Dispatch,-52,WH2
2025-01-18,RM024,Consumption,-68,WH2
2025-03-20,SF022,Production,82,WH2
2025-05-20,FG018,Purchase,300,WH3
2025-04-01,SF001,Production,288,WH1
2025-02-18,RM019,Dispatch,-166,WH1
2025-05-15,RM023,Purchase,66,WH1
2025-06-28,FG020,Consumption,-184,WH2
2025-03-23,FG017,Production,309,WH2
2025-02-14,RM001,Consumption,-206,WH2
2025-05-13,RM015,Dispatch,-125,WH1
2025-01-31,SF015,Purchase,264,WH3
2025-03-13,PK002,Dispatch,-257,WH2
2025-05-01,FG010,Dispatch,-223,WH3
2025-05-02,SF017,Production,476,WH3
2025-02-22,RM008,Consumption,-240,WH1
2025-02-22,SF005,Purchase,492,WH3
2025-05-07,FG020,Dispatch,-53,WH1
2025-05-01,RM012,Dispatch,-159,WH1
2025-06-11,SF002,Consumption,-236,WH2
2025-03-22,FG020,Production,208,WH2
2025-02-18,FG013,Consumption,-185,WH1
2025-01-04,SF022,Production,267,WH1
2025-02-24,RM005,Dispatch,-72,WH2
2025-01-05,SF019,Purchase,250,WH2
2025-04-12,SF018,Dispatch,-233,WH3
2025-06-15,RM002,Production,318,WH2
2025-02-04,FG005,Purchase,361,WH1
2025-03-25,FG016,Consumption,-166,WH1
2025-04-29,SF001,Consumption,-274,WH2
2025-02-12,RM009,Production,358,WH2
2025-03-28,PK001,Dispatch,-215,WH2
2025-03-21,FG024,Consumption,-99,WH2
2025-01-23,SF016,Dispatch,-77,WH1
2025-01-23,RM005,Consumption,-264,WH3
2025-05-16,PK003,Purchase,291,WH1
2025-04-18,SF015,Purchase,443,WH1
2025-04-05,SF020,Dispatch,-144,WH3
2025-06-14,SF010,Production,125,WH3
2025-03-27,FG018,Dispatch,-28,WH3
2025-06-29,SF017,Dispatch,-42,WH1
2025-03-30,RM010,Purchase,240,WH2
2025-01-23,FG001,Dispatch,-62,WH3
2025-02-11,SF009,Dispatch,-296,WH2
2025-03-18,SF017,Consumption,-248,WH3
2025-04-13,FG007,Dispatch,-116,WH3
2025-01-04,PK001,Consumption,-189,WH3
2025-03-20,PK020,Dispatch,-219,WH2
2025-03-12,RM012,Consumption,-180,WH2
2025-02-02,PK001,Dispatch,-259,WH1
2025-05-09,FG010,Purchase,498,WH3
2025-02-02,PK023,Dispatch,-165,WH1
2025-06-07,FG008,Dispatch,-49,WH3
2025-01-10,PK010,Purchase,455,WH1
2025-03-08,PK002,Dispatch,-166,WH1
2025-04-03,RM017,Consumption,-100,WH1
2025-03-22,SF010,Consumption,-175,WH3
2025-02-04,SKU_ID,Dispatch,-52,WH3
2025-04-19,SF003,Purchase,425,WH1
2025-03-08,SF002,Dispatch,-176,WH2
2025-01-19,RM020,Dispatch,-52,WH1
2025-04-22,FG010,Consumption,-176,WH1
2025-01-30,FG014,Purchase,371,WH2
2025-02-07,RM015,Production,319,WH1
2025-02-19,SF019,Consumption,-265,WH1
2025-01-07,SF005,Dispatch,-51,WH3
2025-05-27,RM020,Consumption,-44,WH2
2025-03-31,FG002,Purchase,248,WH2
2025-06-28,RM008,Production,458,WH3
2025-04-25,PK011,Purchase,311,WH3
2025-06-21,PK001,Purchase,186,WH3
2025-04-09,PK023,Consumption,-133,WH1
2025-03-13,PK003,Consumption,-170,WH2
2025-01-08,RM001,Production,283,WH2
2025-06-10,FG016,Dispatch,-204,WH3
2025-02-02,PK022,Consumption,-168,WH3
2025-04-23,SF001,Purchase,429,WH1
2025-02-05,PK010,Consumption,-173,WH2
2025-04-06,PK004,Consumption,-220,WH3
2025-05-02,FG018,Purchase,161,WH2
2025-03-18,SF011,Consumption,-105,WH1
2025-02-26,FG015,Purchase,197,WH3
2025-05-18,PK004,Consumption,-79,WH3
2025-01-08,PK004,Production,354,WH3
2025-05-02,PK003,Dispatch,-65,WH1
2025-04-30,RM011,Production,117,WH2
2025-05-09,FG002,Purchase,97,WH2
2025-06-02,SF013,Production,305,WH1
2025-05-04,RM024,Consumption,-76,WH1
2025-03-24,SF022,Consumption,-281,WH2
2025-05-26,PK022,Dispatch,-84,WH1
2025-06-24,FG005,Purchase,287,WH2
2025-03-24,PK022,Purchase,488,WH3
2025-02-10,PK007,Purchase,454,WH2
2025-05-07,SF024,Purchase,234,WH1
2025-02-02,PK005,Dispatch,-180,WH2
2025-01-28,SF025,Consumption,-217,WH1
2025-01-15,RM019,Dispatch,-263,WH1
2025-06-24,PK022,Production,293,WH2
2025-05-15,PK008,Production,432,WH3
2025-03-16,RM013,Dispatch,-175,WH3
2025-04-12,PK020,Dispatch,-107,WH3
2025-05-03,FG014,Consumption,-200,WH3
2025-03-24,RM016,Dispatch,-298,WH1
2025-02-18,FG021,Consumption,-239,WH1
2025-05-26,RM014,Dispatch,-31,WH3
2025-06-06,SF023,Purchase,50,WH1
2025-04-07,PK010,Production,429,WH1
2025-05-21,FG005,Purchase,310,WH2
2025-06-03,FG013,Purchase,430,WH3
2025-03-02,FG018,Production,112,WH3
2025-03-18,FG010,Production,480,WH2
2025-01-24,RM022,Consumption,-185,WH1
2025-06-24,SF019,Consumption,-242,WH3
2025-05-21,FG013,Consumption,-250,WH2
2025-05-24,RM007,Purchase,219,WH3
2025-03-08,RM024,Dispatch,-283,WH3
2025-01-25,RM006,Production,441,WH1
2025-01-12,RM002,Dispatch,-101,WH1
2025-06-20,PK017,Production,61,WH3
2025-06-24,FG010,Purchase,408,WH2
2025-04-20,SF018,Purchase,229,WH1
2025-01-11,RM024,Dispatch,-111,WH1
2025-05-02,PK012,Consumption,-158,WH2
2025-02-24,RM016,Production,297,WH1
2025-05-01,RM017,Dispatch,-176,WH3
2025-01-10,RM004,Production,244,WH3
2025-06-11,PK008,Consumption,-229,WH1
2025-02-08,SF011,Dispatch,-295,WH1
2025-03-07,FG003,Production,464,WH2
2025-01-15,FG009,Consumption,-67,WH2
2025-06-03,FG009,Dispatch,-283,WH1
2025-06-01,RM008,Dispatch,-259,WH1
2025-01-20,PK003,Purchase,397,WH3
2025-02-23,SF011,Dispatch,-76,WH1
2025-02-04,RM023,Dispatch,-83,WH1
2025-04-20,FG013,Consumption,-142,WH1
2025-04-17,RM021,Consumption,-272,WH3
2025-02-18,FG020,Consumption,-147,WH3
2025-03-13,PK002,Dispatch,-119,WH3
2025-06-06,PK004,Dispatch,-210,WH3
2025-06-13,PK017,Production,386,WH3
2025-02-15,RM022,Consumption,-152,WH2
2025-02-03,PK003,Consumption,-256,WH2
2025-06-20,RM017,Consumption,-288,WH3
2025-03-24,SF014,Consumption,-31,WH1
2025-01-13,SF002,Dispatch,-275,WH2
2025-05-29,FG016,Purchase,173,WH3
2025-01-06,RM009,Purchase,170,WH1
2025-01-17,PK004,Production,124,WH3
2025-04-30,PK003,Purchase,360,WH2
2025-02-20,SF023,Purchase,94,WH1
2025-01-22,RM014,Production,141,WH1
2025-06-19,RM021,Consumption,-286,WH2
2025-01-09,SKU_ID,Purchase,218,WH3
2025-05-04,FG003,Production,107,WH2
2025-01-29,RM008,Dispatch,-34,WH2
2025-01-22,SF016,Purchase,432,WH1
2025-02-28,FG022,Dispatch,-128,WH1
